building,room_number,room_code,dorm_type
1号楼,101,101640017,1
1号楼,102,101640001,1
1号楼,103,101640016,1
1号楼,104,101640002,1
1号楼,105,101640015,1
1号楼,106,101640003,1
1号楼,107,101640014,1
1号楼,108,101640004,1
1号楼,109,101640013,1
1号楼,110,101640005,1
1号楼,111,101640012,1
1号楼,112,101640006,1
1号楼,113,101640011,1
1号楼,114,101640007,1
1号楼,115,101640010,1
1号楼,116,101640008,1
1号楼,117,101650008,1
1号楼,118,101640009,1
1号楼,120,101650007,1
1号楼,122,101650006,1
1号楼,125,101650001,1
1号楼,127,101650002,1
1号楼,128,101650005,1
1号楼,129,101660010,1
1号楼,130,101650004,1
1号楼,131,101660011,1
1号楼,132,101650003,1
1号楼,133,101660012,1
1号楼,134,101660001,1
1号楼,135,101660013,1
1号楼,136,101660002,1
1号楼,137,101660014,1
1号楼,138,101660003,1
1号楼,139,101660015,1
1号楼,140,101660004,1
1号楼,141,101660016,1
1号楼,142,101660005,1
1号楼,143,101660017,1
1号楼,144,101660006,1
1号楼,146,101660007,1
1号楼,148,101660008,1
1号楼,150,101660009,1
1号楼,201,101680008,1
1号楼,202,101680017,1
1号楼,203,101680007,1
1号楼,204,101680016,1
1号楼,205,101680006,1
1号楼,206,101680015,1
1号楼,207,101680005,1
1号楼,208,101680014,1
1号楼,209,101680004,1
1号楼,210,101680013,1
1号楼,211,101680003,1
1号楼,212,101680012,1
1号楼,213,101680002,1
1号楼,214,101680011,1
1号楼,215,101680001,1
1号楼,216,101680010,1
1号楼,217,101690008,1
1号楼,218,101680009,1
1号楼,219,101690007,1
1号楼,220,101690014,1
1号楼,221,101690006,1
1号楼,222,101690013,1
1号楼,223,101690005,1
1号楼,224,101690012,1
1号楼,225,101690004,1
1号楼,227,101690003,1
1号楼,228,101690011,1
1号楼,230,101690010,1
1号楼,231,101690002,1
1号楼,232,101690009,1
1号楼,233,101690001,1
1号楼,234,101700001,1
1号楼,235,101700010,1
1号楼,236,101700002,1
1号楼,237,101700011,1
1号楼,238,101700003,1
1号楼,239,101700012,1
1号楼,240,101700004,1
1号楼,241,101700013,1
1号楼,242,101700005,1
1号楼,243,101700014,1
1号楼,244,101700006,1
1号楼,245,101700015,1
1号楼,246,101700007,1
1号楼,247,101700016,1
1号楼,248,101700008,1
1号楼,249,101700017,1
1号楼,250,101700009,1
1号楼,301,101720017,1
1号楼,302,101720001,1
1号楼,303,101720011,1
1号楼,304,101720002,1
1号楼,305,101720012,1
1号楼,306,101720003,1
1号楼,307,101720014,1
1号楼,308,101720004,1
1号楼,309,101720013,1
1号楼,310,101720005,1
1号楼,311,101720015,1
1号楼,312,101720006,1
1号楼,313,101720016,1
1号楼,314,101720007,1
1号楼,315,101720010,1
1号楼,316,101720008,1
1号楼,317,101730007,1
1号楼,318,101720009,1
1号楼,319,101730008,1
1号楼,320,101730006,1
1号楼,321,101730009,1
1号楼,322,101730005,1
1号楼,323,101730010,1
1号楼,324,101730004,1
1号楼,325,101730011,1
1号楼,327,101730012,1
1号楼,328,101730003,1
1号楼,330,101730002,1
1号楼,331,101730013,1
1号楼,332,101730001,1
1号楼,333,101730014,1
1号楼,334,101740009,1
1号楼,335,101740010,1
1号楼,336,101740008,1
1号楼,337,101740011,1
1号楼,338,101740007,1
1号楼,339,101740012,1
1号楼,340,101740006,1
1号楼,341,101740013,1
1号楼,342,101740005,1
1号楼,343,101740014,1
1号楼,344,101740004,1
1号楼,345,101740015,1
1号楼,346,101740003,1
1号楼,347,101740016,1
1号楼,348,101740002,1
1号楼,349,101740017,1
1号楼,350,101740001,1
1号楼,401,101760010,1
1号楼,402,101760001,1
1号楼,403,101760011,1
1号楼,404,101760002,1
1号楼,405,101760012,1
1号楼,406,101760003,1
1号楼,407,101760013,1
1号楼,408,101760004,1
1号楼,409,101760014,1
1号楼,410,101760005,1
1号楼,411,101760015,1
1号楼,412,101760006,1
1号楼,413,101760016,1
1号楼,414,101760007,1
1号楼,415,101760017,1
1号楼,416,101760008,1
1号楼,417,101770008,1
1号楼,418,101760009,1
1号楼,419,101770007,1
1号楼,420,101770014,1
1号楼,421,101770006,1
1号楼,422,101770013,1
1号楼,423,101770005,1
1号楼,424,101770012,1
1号楼,425,101770004,1
1号楼,427,101770003,1
1号楼,428,101770011,1
1号楼,430,101770010,1
1号楼,431,101770002,1
1号楼,432,101770009,1
1号楼,433,101770001,1
1号楼,434,101780009,1
1号楼,435,101780010,1
1号楼,436,101780008,1
1号楼,437,101780011,1
1号楼,438,101780007,1
1号楼,439,101780012,1
1号楼,440,101780006,1
1号楼,441,101780013,1
1号楼,442,101780005,1
1号楼,443,101780014,1
1号楼,444,101780004,1
1号楼,445,101780015,1
1号楼,446,101780003,1
1号楼,447,101780016,1
1号楼,448,101780002,1
1号楼,449,101780017,1
1号楼,450,101780001,1
1号楼,501,101800017,1
1号楼,502,101800001,1
1号楼,503,101800016,1
1号楼,504,101800002,1
1号楼,505,101800015,1
1号楼,506,101800003,1
1号楼,507,101800014,1
1号楼,508,101800004,1
1号楼,509,101800013,1
1号楼,510,101800005,1
1号楼,511,101800012,1
1号楼,512,101800006,1
1号楼,513,101800011,1
1号楼,514,101800007,1
1号楼,515,101800010,1
1号楼,516,101800008,1
1号楼,517,101810008,1
1号楼,518,101800009,1
1号楼,519,101810007,1
1号楼,520,101810009,1
1号楼,521,101810006,1
1号楼,522,101810010,1
1号楼,523,101810005,1
1号楼,524,101810011,1
1号楼,525,101810004,1
1号楼,527,101810003,1
1号楼,528,101810012,1
1号楼,530,101810013,1
1号楼,531,101810002,1
1号楼,532,101810014,1
1号楼,533,101810001,1
1号楼,534,101820009,1
1号楼,535,101820010,1
1号楼,536,101820008,1
1号楼,537,101820011,1
1号楼,538,101820007,1
1号楼,539,101820012,1
1号楼,540,101820006,1
1号楼,541,101820013,1
1号楼,542,101820005,1
1号楼,543,101820014,1
1号楼,544,101820004,1
1号楼,545,101820015,1
1号楼,546,101820003,1
1号楼,547,101820016,1
1号楼,548,101820002,1
1号楼,549,101820017,1
1号楼,550,101820001,1
1号楼,601,101840017,1
1号楼,602,101840001,1
1号楼,603,101840016,1
1号楼,604,101840002,1
1号楼,605,101840015,1
1号楼,606,101840003,1
1号楼,607,101840014,1
1号楼,608,101840004,1
1号楼,609,101840013,1
1号楼,610,101840005,1
1号楼,611,101840012,1
1号楼,612,101840006,1
1号楼,613,101840011,1
1号楼,614,101840007,1
1号楼,615,101840010,1
1号楼,616,101840008,1
1号楼,617,1617,2
1号楼,618,101840009,1
1号楼,619,1619,2
1号楼,620,1620,2
1号楼,621,1621,2
1号楼,622,1622,2
1号楼,623,1623,2
1号楼,624,1624,2
1号楼,625,1625,2
1号楼,627,1627,2
1号楼,628,1628,2
1号楼,630,1630,2
1号楼,631,1631,2
1号楼,632,1632,2
1号楼,633,1633,2
1号楼,634,101860009,1
1号楼,635,101860010,1
1号楼,636,101860008,1
1号楼,637,101860011,1
1号楼,638,101860007,1
1号楼,639,101860012,1
1号楼,640,101860006,1
1号楼,641,101860013,1
1号楼,642,101860005,1
1号楼,643,101860014,1
1号楼,644,101860004,1
1号楼,645,101860015,1
1号楼,646,101860003,1
1号楼,647,101860016,1
1号楼,648,101860002,1
1号楼,649,101860017,1
1号楼,650,101860001,1
2号楼,101,101890007,1
2号楼,102,101890001,1
2号楼,103,101890008,1
2号楼,104,101890002,1
2号楼,105,101890009,1
2号楼,106,101890003,1
2号楼,107,101890010,1
2号楼,108,101890004,1
2号楼,109,101890011,1
2号楼,110,101890005,1
2号楼,111,101900004,1
2号楼,112,101890006,1
2号楼,113,101900002,1
2号楼,114,101900005,1
2号楼,120,101900006,1
2号楼,121,101900003,1
2号楼,122,101900007,1
2号楼,123,101900001,1
2号楼,124,101900008,1
2号楼,125,101910007,1
2号楼,126,101910006,1
2号楼,127,101910008,1
2号楼,128,101910005,1
2号楼,129,101910009,1
2号楼,130,101910004,1
2号楼,131,101910010,1
2号楼,132,101910003,1
2号楼,133,101910011,1
2号楼,134,101910002,1
2号楼,136,101910001,1
2号楼,201,101930005,1
2号楼,202,101930011,1
2号楼,203,101930004,1
2号楼,204,101930010,1
2号楼,205,101930003,1
2号楼,206,101930009,1
2号楼,207,101930002,1
2号楼,208,101930008,1
2号楼,209,101930001,1
2号楼,210,101930007,1
2号楼,211,101940005,1
2号楼,212,101930006,1
2号楼,213,101940004,1
2号楼,214,101940014,1
2号楼,215,101940003,1
2号楼,216,101940013,1
2号楼,218,101940012,1
2号楼,220,101940011,1
2号楼,221,101940002,1
2号楼,222,101940010,1
2号楼,223,101940001,1
2号楼,224,101940009,1
2号楼,225,101950001,1
2号楼,226,101940008,1
2号楼,227,101950002,1
2号楼,228,101940007,1
2号楼,229,101950003,1
2号楼,230,101940006,1
2号楼,231,101950004,1
2号楼,232,101950006,1
2号楼,233,101950005,1
2号楼,234,101950007,1
2号楼,236,101950008,1
2号楼,238,101950009,1
2号楼,240,101950010,1
2号楼,242,101950011,1
2号楼,301,101970007,1
2号楼,302,101970001,1
2号楼,303,101970008,1
2号楼,304,101970002,1
2号楼,305,101970009,1
2号楼,306,101970003,1
2号楼,307,101970010,1
2号楼,308,101970004,1
2号楼,309,101970011,1
2号楼,310,101970005,1
2号楼,311,101980014,1
2号楼,312,101970006,1
2号楼,313,101980013,1
2号楼,314,101980009,1
2号楼,315,101980012,1
2号楼,316,101980008,1
2号楼,317,101980011,1
2号楼,318,101980007,1
2号楼,320,101980006,1
2号楼,322,101980005,1
2号楼,323,101980010,1
2号楼,324,101980004,1
2号楼,325,101990001,1
2号楼,326,101980003,1
2号楼,327,101990002,1
2号楼,328,101980002,1
2号楼,329,101990003,1
2号楼,330,101980001,1
2号楼,331,101990004,1
2号楼,332,101990006,1
2号楼,333,101990005,1
2号楼,334,101990007,1
2号楼,336,101990008,1
2号楼,338,101990009,1
2号楼,340,101990010,1
2号楼,342,101990011,1
2号楼,401,102010007,1
2号楼,402,102010001,1
2号楼,403,102010008,1
2号楼,404,102010002,1
2号楼,405,102010009,1
2号楼,406,102010003,1
2号楼,407,102010010,1
2号楼,408,102010004,1
2号楼,409,102010011,1
2号楼,410,102010005,1
2号楼,411,102020010,1
2号楼,412,102010006,1
2号楼,413,102020011,1
2号楼,414,102020009,1
2号楼,415,102020012,1
2号楼,416,102020008,1
2号楼,418,102020007,1
2号楼,420,102020006,1
2号楼,421,102020013,1
2号楼,422,102020005,1
2号楼,423,102020014,1
2号楼,424,102020004,1
2号楼,425,102030007,1
2号楼,426,102020003,1
2号楼,427,102030008,1
2号楼,428,102020002,1
2号楼,429,102030009,1
2号楼,430,102020001,1
2号楼,431,102030010,1
2号楼,432,102030001,1
2号楼,433,102030011,1
2号楼,434,102030002,1
2号楼,436,102030003,1
2号楼,438,102030004,1
2号楼,440,102030005,1
2号楼,442,102030006,1
2号楼,501,102050005,1
2号楼,502,102050006,1
2号楼,503,102050004,1
2号楼,504,102050007,1
2号楼,505,102050003,1
2号楼,506,102050008,1
2号楼,507,102050002,1
2号楼,508,102050009,1
2号楼,509,102050001,1
2号楼,510,102050010,1
2号楼,511,102060001,1
2号楼,512,102050011,1
2号楼,513,102060002,1
2号楼,514,102060014,1
2号楼,515,102060003,1
2号楼,516,102060013,1
2号楼,518,102060012,1
2号楼,520,102060011,1
2号楼,521,102060004,1
2号楼,522,102060010,1
2号楼,523,102060005,1
2号楼,524,102060009,1
2号楼,525,102070007,1
2号楼,526,102060008,1
2号楼,527,102070008,1
2号楼,528,102060007,1
2号楼,529,102070009,1
2号楼,530,102060006,1
2号楼,531,102070010,1
2号楼,532,102070001,1
2号楼,533,102070011,1
2号楼,534,102070002,1
2号楼,536,102070003,1
2号楼,538,102070004,1
2号楼,540,102070005,1
2号楼,542,102070006,1
2号楼,601,102090007,1
2号楼,602,102090001,1
2号楼,603,102090008,1
2号楼,604,102090002,1
2号楼,605,102090009,1
2号楼,606,102090003,1
2号楼,607,102090010,1
2号楼,608,102090004,1
2号楼,609,102090011,1
2号楼,610,102090005,1
2号楼,611,102100005,1
2号楼,612,102090006,1
2号楼,613,102100004,1
2号楼,614,102100006,1
2号楼,615,102100003,1
2号楼,616,102100007,1
2号楼,618,102100008,1
2号楼,620,102100009,1
2号楼,621,102100002,1
2号楼,622,102100010,1
2号楼,623,102100001,1
2号楼,624,102100011,1
2号楼,625,102110001,1
2号楼,626,102100012,1
2号楼,627,102110002,1
2号楼,628,102100013,1
2号楼,629,102110003,1
2号楼,630,102100014,1
2号楼,631,102110004,1
2号楼,632,102110006,1
2号楼,633,102110005,1
2号楼,634,102110007,1
2号楼,636,102110008,1
2号楼,638,102110009,1
2号楼,640,102110010,1
2号楼,642,102110011,1
3号楼,000,103180010,1
3号楼,101,103140001,1
3号楼,102,103140006,1
3号楼,103,103140002,1
3号楼,104,103140007,1
3号楼,105,103140003,1
3号楼,106,103140008,1
3号楼,107,103140004,1
3号楼,108,103140009,1
3号楼,109,103140005,1
3号楼,110,103140010,1
3号楼,111,103150004,1
3号楼,112,103140011,1
3号楼,113,103150003,1
3号楼,114,103150005,1
3号楼,120,103150006,1
3号楼,121,103150002,1
3号楼,122,103150007,1
3号楼,123,103150001,1
3号楼,124,103150008,1
3号楼,125,103160001,1
3号楼,126,103160006,1
3号楼,127,103160002,1
3号楼,128,103160007,1
3号楼,129,103160003,1
3号楼,130,103160008,1
3号楼,131,103160004,1
3号楼,132,103160009,1
3号楼,133,103160005,1
3号楼,134,103160010,1
3号楼,136,103160011,1
3号楼,201,103180007,1
3号楼,202,103180001,1
3号楼,203,103180008,1
3号楼,204,103180002,1
3号楼,205,103180009,1
3号楼,206,103180003,1
3号楼,207,103180012,1
3号楼,208,103180004,1
3号楼,209,103180011,1
3号楼,210,103180005,1
3号楼,211,103190014,1
3号楼,212,103180006,1
3号楼,213,103190013,1
3号楼,214,103190001,1
3号楼,215,103190012,1
3号楼,216,103190002,1
3号楼,218,103190003,1
3号楼,220,103190004,1
3号楼,221,103190011,1
3号楼,222,103190005,1
3号楼,223,103190010,1
3号楼,224,103190006,1
3号楼,225,103200007,1
3号楼,226,103190007,1
3号楼,227,103200008,1
3号楼,228,103190008,1
3号楼,229,103200009,1
3号楼,230,103190009,1
3号楼,231,103200010,1
3号楼,232,103200001,1
3号楼,233,103200011,1
3号楼,234,103200002,1
3号楼,236,103200003,1
3号楼,238,103200004,1
3号楼,240,103200005,1
3号楼,242,103200006,1
3号楼,301,103220007,1
3号楼,302,103220001,1
3号楼,303,103220008,1
3号楼,304,103220002,1
3号楼,305,103220009,1
3号楼,306,103220004,1
3号楼,307,103220010,1
3号楼,308,103220003,1
3号楼,309,103220011,1
3号楼,310,103220005,1
3号楼,311,103230010,1
3号楼,312,103220006,1
3号楼,313,103230011,1
3号楼,314,103230009,1
3号楼,315,103230012,1
3号楼,316,103230008,1
3号楼,318,103230007,1
3号楼,320,103230006,1
3号楼,321,103230013,1
3号楼,322,103230005,1
3号楼,323,103230014,1
3号楼,324,103230004,1
3号楼,325,103240007,1
3号楼,326,103230003,1
3号楼,327,103240008,1
3号楼,328,103230002,1
3号楼,329,103240009,1
3号楼,330,103230001,1
3号楼,331,103240010,1
3号楼,332,103240001,1
3号楼,333,103240011,1
3号楼,334,103240002,1
3号楼,336,103240004,1
3号楼,338,103240003,1
3号楼,340,103240005,1
3号楼,342,103240006,1
3号楼,401,103260011,1
3号楼,402,103260001,1
3号楼,403,103260010,1
3号楼,404,103260002,1
3号楼,405,103260009,1
3号楼,406,103260003,1
3号楼,407,103260008,1
3号楼,408,103260004,1
3号楼,409,103260007,1
3号楼,410,103260005,1
3号楼,411,103270014,1
3号楼,412,103260006,1
3号楼,413,103270013,1
3号楼,414,103270001,1
3号楼,415,103270012,1
3号楼,416,103270002,1
3号楼,418,103270003,1
3号楼,420,103270004,1
3号楼,421,103270011,1
3号楼,422,103270005,1
3号楼,423,103270010,1
3号楼,424,103270006,1
3号楼,425,103280011,1
3号楼,426,103270007,1
3号楼,427,103280010,1
3号楼,428,103270008,1
3号楼,429,103280009,1
3号楼,430,103270009,1
3号楼,431,103280008,1
3号楼,432,103280001,1
3号楼,433,103280007,1
3号楼,434,103280002,1
3号楼,436,103280003,1
3号楼,438,103280004,1
3号楼,440,103280005,1
3号楼,442,103280006,1
3号楼,501,103300007,1
3号楼,502,103300001,1
3号楼,503,103300008,1
3号楼,504,103300002,1
3号楼,505,103300009,1
3号楼,506,103300003,1
3号楼,507,103300010,1
3号楼,508,103300004,1
3号楼,509,103300011,1
3号楼,510,103300005,1
3号楼,511,103310014,1
3号楼,512,103300006,1
3号楼,513,103310013,1
3号楼,514,103310009,1
3号楼,515,103310012,1
3号楼,516,103310008,1
3号楼,518,103310007,1
3号楼,520,103310006,1
3号楼,521,103310011,1
3号楼,522,103310005,1
3号楼,523,103310010,1
3号楼,524,103310004,1
3号楼,525,103320005,1
3号楼,526,103310003,1
3号楼,527,103320004,1
3号楼,528,103310002,1
3号楼,529,103320003,1
3号楼,530,103310001,1
3号楼,531,103320002,1
3号楼,532,103320006,1
3号楼,533,103320001,1
3号楼,534,103320007,1
3号楼,536,103320008,1
3号楼,538,103320009,1
3号楼,540,103320011,1
3号楼,542,103320010,1
3号楼,601,103340005,1
3号楼,602,103340006,1
3号楼,603,103340004,1
3号楼,604,103340007,1
3号楼,605,103340003,1
3号楼,606,103340008,1
3号楼,607,103340002,1
3号楼,608,103340009,1
3号楼,609,103340001,1
3号楼,610,103340010,1
3号楼,611,103350005,1
3号楼,612,103340011,1
3号楼,613,103350004,1
3号楼,614,103350014,1
3号楼,615,103350003,1
3号楼,616,103350013,1
3号楼,618,103350012,1
3号楼,620,103350011,1
3号楼,621,103350002,1
3号楼,622,103350010,1
3号楼,623,103350001,1
3号楼,624,103350009,1
3号楼,625,103360005,1
3号楼,626,103350008,1
3号楼,627,103360004,1
3号楼,628,103350007,1
3号楼,629,103360003,1
3号楼,630,103350006,1
3号楼,631,103360002,1
3号楼,632,103360011,1
3号楼,633,103360001,1
3号楼,634,103360010,1
3号楼,636,103360009,1
3号楼,638,103360008,1
3号楼,640,103360007,1
3号楼,642,103360006,1
4号楼,101,103390004,1
4号楼,102,103390002,1
4号楼,103,103390003,1
4号楼,104,103390009,1
4号楼,105,103390007,1
4号楼,106,103390005,1
4号楼,107,103390006,1
4号楼,108,103390011,1
4号楼,109,103390010,1
4号楼,110,103390001,1
4号楼,111,103400002,1
4号楼,112,103390008,1
4号楼,113,103400001,1
4号楼,114,103400003,1
4号楼,120,103400008,1
4号楼,121,103400007,1
4号楼,122,103400004,1
4号楼,123,103400005,1
4号楼,124,103400006,1
4号楼,125,103410005,1
4号楼,126,103410011,1
4号楼,127,103410010,1
4号楼,128,103410004,1
4号楼,129,103410003,1
4号楼,130,103410009,1
4号楼,131,103410006,1
4号楼,132,103410008,1
4号楼,133,103410001,1
4号楼,134,103410007,1
4号楼,136,103410002,1
4号楼,201,103430005,1
4号楼,202,103430001,1
4号楼,203,103430004,1
4号楼,204,103430010,1
4号楼,205,103430003,1
4号楼,206,103430009,1
4号楼,207,103430002,1
4号楼,208,103430008,1
4号楼,209,103430011,1
4号楼,210,103430007,1
4号楼,211,103440005,1
4号楼,212,103430006,1
4号楼,213,103440001,1
4号楼,214,103440007,1
4号楼,215,103440013,1
4号楼,216,103440010,1
4号楼,218,103440003,1
4号楼,220,103440006,1
4号楼,221,103440012,1
4号楼,222,103440011,1
4号楼,223,103440002,1
4号楼,224,103440009,1
4号楼,225,103450006,1
4号楼,226,103440014,1
4号楼,227,103450002,1
4号楼,228,103440008,1
4号楼,229,103450007,1
4号楼,230,103440004,1
4号楼,231,103450001,1
4号楼,232,103450003,1
4号楼,233,103450011,1
4号楼,234,103450010,1
4号楼,236,103450005,1
4号楼,238,103450004,1
4号楼,240,103450009,1
4号楼,242,103450008,1
4号楼,301,103470001,1
4号楼,302,103470002,1
4号楼,303,103470003,1
4号楼,304,103470004,1
4号楼,305,103470007,1
4号楼,306,103470006,1
4号楼,307,103470011,1
4号楼,308,103470005,1
4号楼,309,103470009,1
4号楼,310,103470010,1
4号楼,311,103480008,1
4号楼,312,103470008,1
4号楼,313,103480001,1
4号楼,314,103480003,1
4号楼,315,103480006,1
4号楼,316,103480005,1
4号楼,318,103480007,1
4号楼,320,103480002,1
4号楼,322,103480004,1
4号楼,323,103480014,1
4号楼,324,103480012,1
4号楼,325,103490005,1
4号楼,326,103480011,1
4号楼,327,103490001,1
4号楼,328,103480010,1
4号楼,329,103490011,1
4号楼,330,103480013,1
4号楼,331,103490007,1
4号楼,332,103490003,1
4号楼,333,103490006,1
4号楼,334,103490002,1
4号楼,336,103490004,1
4号楼,338,103490010,1
4号楼,340,103490008,1
4号楼,342,103490009,1
4号楼,401,103510011,1
4号楼,402,103510004,1
4号楼,403,103510010,1
4号楼,404,103510006,1
4号楼,405,103510003,1
4号楼,406,103510007,1
4号楼,407,103510002,1
4号楼,408,103510001,1
4号楼,409,103510009,1
4号楼,410,103510008,1
4号楼,411,103520012,1
4号楼,412,103510005,1
4号楼,413,103520013,1
4号楼,414,103520009,1
4号楼,415,103520014,1
4号楼,416,103520007,1
4号楼,418,103520010,1
4号楼,420,103520005,1
4号楼,421,103520001,1
4号楼,422,103520008,1
4号楼,423,103520002,1
4号楼,424,103520004,1
4号楼,425,103530001,1
4号楼,426,103520011,1
4号楼,427,103530002,1
4号楼,428,103520006,1
4号楼,429,103530008,1
4号楼,430,103520003,1
4号楼,431,103530004,1
4号楼,432,103530011,1
4号楼,433,103530003,1
4号楼,434,103530005,1
4号楼,436,103530006,1
4号楼,438,103530010,1
4号楼,440,103530007,1
4号楼,442,103530009,1
4号楼,501,103550010,1
4号楼,502,103550009,1
4号楼,503,103550005,1
4号楼,504,103550011,1
4号楼,505,103550007,1
4号楼,506,103550006,1
4号楼,507,103550003,1
4号楼,508,103550002,1
4号楼,509,103550004,1
4号楼,510,103550008,1
4号楼,511,103560009,1
4号楼,512,103550001,1
4号楼,513,103560014,1
4号楼,514,103560010,1
4号楼,515,103560011,1
4号楼,516,103560008,1
4号楼,518,103560007,1
4号楼,520,103560006,1
4号楼,521,103560005,1
4号楼,522,103560012,1
4号楼,523,103560001,1
4号楼,524,103560004,1
4号楼,525,103570005,1
4号楼,526,103560002,1
4号楼,527,103570008,1
4号楼,528,103560003,1
4号楼,529,103570004,1
4号楼,530,103560013,1
4号楼,531,103570009,1
4号楼,532,103570001,1
4号楼,533,103570006,1
4号楼,534,103570003,1
4号楼,536,103570010,1
4号楼,538,103570002,1
4号楼,540,103570011,1
4号楼,542,103570007,1
4号楼,601,103590010,1
4号楼,602,103590007,1
4号楼,603,103590009,1
4号楼,604,103590008,1
4号楼,605,103590005,1
4号楼,606,103590006,1
4号楼,607,103590003,1
4号楼,608,103590011,1
4号楼,609,103590002,1
4号楼,610,103590004,1
4号楼,611,103600012,1
4号楼,612,103590001,1
4号楼,613,103600008,1
4号楼,614,103600013,1
4号楼,615,103600002,1
4号楼,616,103600001,1
4号楼,618,103600010,1
4号楼,620,103600014,1
4号楼,621,103600003,1
4号楼,622,103600007,1
4号楼,623,103600004,1
4号楼,624,103600009,1
4号楼,625,103610010,1
4号楼,626,103600011,1
4号楼,627,103610002,1
4号楼,628,103600006,1
4号楼,629,103610007,1
4号楼,630,103600005,1
4号楼,631,103610008,1
4号楼,632,103610001,1
4号楼,633,103610004,1
4号楼,634,103610003,1
4号楼,636,103610009,1
4号楼,638,103610006,1
4号楼,640,103610011,1
4号楼,642,103610005,1
5号楼 ,1001,102360019,1
5号楼 ,1002,102360020,1
5号楼 ,101,102140001,1
5号楼 ,102,102140002,1
5号楼 ,103,102140003,1
5号楼 ,104,102140004,1
5号楼 ,105,102140005,1
5号楼 ,106,102140006,1
5号楼 ,107,102140007,1
5号楼 ,108,102140008,1
5号楼 ,109,102140011,1
5号楼 ,110,102140009,1
5号楼 ,1101,102360021,1
5号楼 ,1102,102360022,1
5号楼 ,111,102140013,1
5号楼 ,112,102140010,1
5号楼 ,113,102140015,1
5号楼 ,114,102140012,1
5号楼 ,115,102140017,1
5号楼 ,116,102140014,1
5号楼,117,5117,2
5号楼 ,118,102140016,1
5号楼,119,5119,2
5号楼,120,5120,2
5号楼 ,1201,102360023,1
5号楼 ,1202,102360024,1
5号楼,126,5126,2
5号楼,127,5127,2
5号楼,128,5128,2
5号楼,129,5129,2
5号楼,130,5130,2
5号楼 ,131,102160001,1
5号楼 ,132,102160002,1
5号楼 ,133,102160003,1
5号楼 ,134,102160004,1
5号楼 ,135,102160005,1
5号楼 ,136,102160006,1
5号楼 ,137,102160007,1
5号楼 ,138,102160008,1
5号楼 ,139,102160011,1
5号楼 ,140,102160012,1
5号楼 ,141,102160013,1
5号楼 ,142,102160010,1
5号楼 ,143,102160015,1
5号楼 ,144,102160009,1
5号楼 ,145,102160017,1
5号楼 ,146,102160014,1
5号楼 ,148,102160016,1
5号楼,201,5201,2
5号楼,202,5202,2
5号楼,203,5203,2
5号楼,204,5204,2
5号楼,205,5205,2
5号楼,206,5206,2
5号楼,207,5207,2
5号楼,208,5208,2
5号楼,209,5209,2
5号楼,210,5210,2
5号楼,211,5211,2
5号楼,212,5212,2
5号楼,213,5213,2
5号楼,214,5214,2
5号楼,215,5215,2
5号楼,216,5216,2
5号楼 ,217,102190013,1
5号楼,217,5217,2
5号楼,218,5218,2
5号楼 ,219,102190011,1
5号楼 ,220,102190014,1
5号楼 ,221,102190009,1
5号楼 ,222,102190012,1
5号楼 ,224,102190010,1
5号楼 ,226,102190008,1
5号楼 ,227,102190003,1
5号楼 ,228,102190007,1
5号楼 ,229,102190001,1
5号楼 ,230,102190006,1
5号楼 ,231,102200002,1
5号楼 ,232,102190005,1
5号楼 ,233,102200004,1
5号楼 ,234,102190004,1
5号楼 ,235,102200007,1
5号楼 ,236,102190002,1
5号楼 ,237,102200009,1
5号楼 ,238,102200001,1
5号楼 ,239,102200011,1
5号楼 ,240,102200003,1
5号楼 ,241,102200013,1
5号楼 ,242,102200006,1
5号楼 ,243,102200015,1
5号楼 ,244,102200005,1
5号楼 ,245,102200017,1
5号楼 ,246,102200008,1
5号楼 ,248,102200010,1
5号楼 ,250,102200012,1
5号楼 ,252,102200014,1
5号楼 ,254,102200016,1
5号楼,301,5301,2
5号楼,302,5302,2
5号楼,303,5303,2
5号楼,304,5304,2
5号楼,305,5305,2
5号楼,306,5306,2
5号楼,307,5307,2
5号楼,308,5308,2
5号楼,309,5309,2
5号楼,310,5310,2
5号楼,311,5311,2
5号楼,312,5312,2
5号楼,313,5313,2
5号楼,314,5314,2
5号楼,315,5315,2
5号楼,316,5316,2
5号楼 ,317,102230013,1
5号楼,318,5318,2
5号楼 ,319,102230011,1
5号楼 ,320,102230014,1
5号楼 ,321,102230009,1
5号楼 ,322,102230012,1
5号楼 ,324,102230010,1
5号楼 ,326,102230008,1
5号楼 ,328,102230007,1
5号楼 ,329,102230001,1
5号楼 ,330,102230006,1
5号楼 ,331,102240017,1
5号楼 ,332,102230005,1
5号楼 ,333,102240015,1
5号楼 ,334,102230004,1
5号楼 ,335,102240013,1
5号楼 ,336,102230002,1
5号楼 ,337,102230003,1
5号楼 ,337,102240011,1
5号楼 ,338,102240016,1
5号楼 ,339,102240007,1
5号楼 ,340,102240014,1
5号楼 ,341,102240005,1
5号楼 ,342,102240012,1
5号楼 ,343,102240003,1
5号楼 ,344,102240010,1
5号楼 ,345,102240001,1
5号楼 ,346,102240009,1
5号楼 ,348,102240008,1
5号楼 ,350,102240006,1
5号楼 ,352,102240004,1
5号楼 ,354,102240002,1
5号楼,401,5401,2
5号楼,402,5402,2
5号楼,403,5403,2
5号楼,404,5404,2
5号楼,405,5405,2
5号楼,406,5406,2
5号楼,407,5407,2
5号楼,408,5408,2
5号楼,409,5409,2
5号楼,410,5410,2
5号楼,411,5411,2
5号楼,412,5412,2
5号楼,413,5413,2
5号楼,414,5414,2
5号楼,415,5415,2
5号楼,416,5416,2
5号楼 ,417,102270001,1
5号楼,418,5418,2
5号楼 ,419,102270003,1
5号楼 ,420,102270002,1
5号楼 ,421,102270005,1
5号楼 ,422,102270004,1
5号楼 ,424,102270006,1
5号楼 ,426,102270007,1
5号楼 ,427,102270012,1
5号楼 ,428,102270008,1
5号楼 ,429,102270014,1
5号楼 ,430,102270010,1
5号楼 ,431,102280017,1
5号楼 ,432,102270009,1
5号楼 ,433,102280016,1
5号楼 ,434,102270011,1
5号楼 ,435,102280015,1
5号楼 ,436,102270013,1
5号楼 ,437,102280014,1
5号楼 ,438,102280001,1
5号楼 ,439,102280013,1
5号楼 ,440,102280002,1
5号楼 ,441,102280012,1
5号楼 ,442,102280003,1
5号楼 ,443,102280011,1
5号楼 ,444,102280004,1
5号楼 ,445,102280010,1
5号楼 ,446,102280005,1
5号楼 ,448,102280006,1
5号楼 ,450,102280007,1
5号楼 ,452,102280008,1
5号楼 ,454,102280009,1
5号楼 ,501,102300001,1
5号楼 ,502,102300002,1
5号楼 ,503,102300003,1
5号楼 ,504,102300005,1
5号楼 ,505,102300004,1
5号楼 ,506,102300006,1
5号楼 ,507,102300007,1
5号楼 ,508,102300008,1
5号楼 ,509,102300011,1
5号楼 ,510,102300009,1
5号楼 ,511,102300013,1
5号楼 ,512,102300010,1
5号楼 ,513,102300015,1
5号楼 ,514,102300012,1
5号楼 ,515,102300017,1
5号楼 ,516,102300014,1
5号楼 ,517,102310013,1
5号楼 ,518,102300016,1
5号楼 ,519,102310011,1
5号楼 ,520,102310014,1
5号楼 ,521,102310009,1
5号楼 ,522,102310012,1
5号楼 ,524,102310010,1
5号楼 ,526,102310008,1
5号楼 ,527,102310003,1
5号楼 ,528,102310007,1
5号楼 ,529,102310001,1
5号楼 ,530,102310006,1
5号楼 ,531,102320017,1
5号楼 ,532,102310005,1
5号楼 ,533,102320015,1
5号楼 ,534,102310004,1
5号楼 ,535,102320013,1
5号楼 ,536,102310002,1
5号楼 ,537,102320011,1
5号楼 ,538,102320014,1
5号楼 ,539,102320007,1
5号楼 ,540,102320016,1
5号楼 ,541,102320005,1
5号楼 ,542,102320012,1
5号楼 ,543,102320003,1
5号楼 ,544,102320010,1
5号楼 ,545,102320001,1
5号楼 ,546,102320006,1
5号楼 ,548,102320008,1
5号楼 ,550,102320009,1
5号楼 ,552,102320004,1
5号楼 ,554,102320002,1
5号楼 ,601,102340002,1
5号楼 ,602,102340004,1
5号楼 ,603,102340006,1
5号楼 ,604,102340008,1
5号楼 ,605,102340001,1
5号楼 ,606,102340003,1
5号楼 ,607,102340005,1
5号楼 ,608,102340007,1
5号楼 ,609,102340011,1
5号楼 ,610,102340009,1
5号楼 ,611,102340013,1
5号楼 ,612,102340010,1
5号楼 ,613,102340015,1
5号楼 ,614,102340012,1
5号楼 ,615,102340017,1
5号楼 ,616,102340014,1
5号楼 ,617,102350013,1
5号楼 ,618,102340016,1
5号楼 ,619,102350011,1
5号楼 ,620,102350014,1
5号楼 ,621,102350009,1
5号楼 ,622,102350012,1
5号楼 ,624,102350010,1
5号楼 ,626,102350008,1
5号楼 ,627,102350003,1
5号楼 ,628,102350007,1
5号楼 ,629,102350001,1
5号楼 ,630,102350006,1
5号楼 ,631,102360010,1
5号楼 ,632,102350005,1
5号楼 ,633,102360011,1
5号楼 ,634,102350004,1
5号楼 ,635,102360012,1
5号楼 ,636,102350002,1
5号楼 ,637,102360013,1
5号楼 ,638,102360009,1
5号楼 ,639,102360014,1
5号楼 ,640,102360008,1
5号楼 ,641,102360015,1
5号楼 ,642,102360007,1
5号楼 ,643,102360016,1
5号楼 ,644,102360006,1
5号楼 ,645,102360017,1
5号楼 ,646,102360005,1
5号楼 ,648,102360004,1
5号楼 ,650,102360003,1
5号楼 ,652,102360002,1
5号楼 ,654,102360001,1
5号楼 ,902,102360018,1
6号楼,101,103640005,1
6号楼,102,103640002,1
6号楼,103,103640003,1
6号楼,104,103640004,1
6号楼,105,103640001,1
6号楼,106,103640006,1
6号楼,107,103640007,1
6号楼,108,103640008,1
6号楼,109,103640010,1
6号楼,110,103640009,1
6号楼,111,103640012,1
6号楼,112,103640011,1
6号楼,113,103640014,1
6号楼,114,103640013,1
6号楼,115,103640016,1
6号楼,116,103640015,1
6号楼,117,103650007,1
6号楼,118,103640017,1
6号楼,119,103650006,1
6号楼,120,103650008,1
6号楼,126,103650004,1
6号楼,127,103650005,1
6号楼,128,103650003,1
6号楼,129,103650002,1
6号楼,130,103650001,1
6号楼,131,103660017,1
6号楼,132,103660016,1
6号楼,133,103660015,1
6号楼,134,103660014,1
6号楼,135,103660012,1
6号楼,136,103660013,1
6号楼,137,103660011,1
6号楼,138,103660009,1
6号楼,139,103660007,1
6号楼,140,103660010,1
6号楼,141,103660005,1
6号楼,142,103660008,1
6号楼,143,103660003,1
6号楼,144,103660006,1
6号楼,145,103660002,1
6号楼,146,103660004,1
6号楼,148,103660001,1
6号楼,201,103680001,1
6号楼,202,103680010,1
6号楼,203,103680002,1
6号楼,204,103680011,1
6号楼,205,103680012,1
6号楼,206,103680003,1
6号楼,207,103680004,1
6号楼,208,103680013,1
6号楼,209,103680005,1
6号楼,210,103680014,1
6号楼,211,103680006,1
6号楼,212,103680015,1
6号楼,213,103680007,1
6号楼,214,103680009,1
6号楼,215,103680008,1
6号楼,216,103680016,1
6号楼,217,103690013,1
6号楼,218,103680017,1
6号楼,219,103690011,1
6号楼,220,103690014,1
6号楼,221,103690009,1
6号楼,222,103690012,1
6号楼,224,103690010,1
6号楼,226,103690008,1
6号楼,227,103690003,1
6号楼,228,103690007,1
6号楼,229,103690001,1
6号楼,230,103690006,1
6号楼,231,103700017,1
6号楼,232,103690005,1
6号楼,233,103700015,1
6号楼,234,103690004,1
6号楼,235,103700013,1
6号楼,236,103690002,1
6号楼,237,103700011,1
6号楼,238,103700016,1
6号楼,239,103700007,1
6号楼,240,103700014,1
6号楼,241,103700005,1
6号楼,242,103700012,1
6号楼,243,103700003,1
6号楼,244,103700010,1
6号楼,245,103700001,1
6号楼,246,103700009,1
6号楼,248,103700008,1
6号楼,250,103700006,1
6号楼,252,103700004,1
6号楼,254,103700002,1
6号楼,301,6301,2
6号楼,302,6302,2
6号楼,303,6303,2
6号楼,304,6304,2
6号楼,305,6305,2
6号楼,306,6306,2
6号楼,307,6307,2
6号楼,308,6308,2
6号楼,309,6309,2
6号楼,310,6310,2
6号楼,311,6311,2
6号楼,312,6312,2
6号楼,313,6313,2
6号楼,314,6314,2
6号楼,315,6315,2
6号楼,316,6316,2
6号楼,317,103730009,1
6号楼,317,6317,2
6号楼,318,6318,2
6号楼,319,103730007,1
6号楼,320,103730014,1
6号楼,321,103730004,1
6号楼,322,103730013,1
6号楼,324,103730012,1
6号楼,326,103730011,1
6号楼,327,103730003,1
6号楼,328,103730010,1
6号楼,329,103730001,1
6号楼,330,103730008,1
6号楼,331,103740017,1
6号楼,332,103730005,1
6号楼,333,103740015,1
6号楼,334,103730006,1
6号楼,335,103740013,1
6号楼,336,103730002,1
6号楼,337,103740011,1
6号楼,338,103740016,1
6号楼,339,103740007,1
6号楼,340,103740014,1
6号楼,341,103740006,1
6号楼,342,103740012,1
6号楼,343,103740002,1
6号楼,344,103740010,1
6号楼,345,103740001,1
6号楼,346,103740008,1
6号楼,348,103740009,1
6号楼,350,103740005,1
6号楼,352,103740004,1
6号楼,354,103740003,1
6号楼,401,103760001,1
6号楼,402,103760002,1
6号楼,403,103760003,1
6号楼,404,103760004,1
6号楼,405,103760005,1
6号楼,406,103760006,1
6号楼,407,103760007,1
6号楼,408,103760008,1
6号楼,409,103760010,1
6号楼,410,103760009,1
6号楼,411,103760011,1
6号楼,412,103760012,1
6号楼,413,103760013,1
6号楼,414,103760016,1
6号楼,415,103760014,1
6号楼,416,103760015,1
6号楼,417,103770014,1
6号楼,418,103760017,1
6号楼,419,103770013,1
6号楼,420,103770009,1
6号楼,421,103770012,1
6号楼,422,103770008,1
6号楼,424,103770007,1
6号楼,426,103770006,1
6号楼,427,103770011,1
6号楼,428,103770005,1
6号楼,429,103770010,1
6号楼,430,103770004,1
6号楼,431,103780017,1
6号楼,432,103770003,1
6号楼,433,103780013,1
6号楼,434,103770002,1
6号楼,435,103780015,1
6号楼,436,103770001,1
6号楼,437,103780011,1
6号楼,438,103780016,1
6号楼,439,103780007,1
6号楼,440,103780014,1
6号楼,441,103780005,1
6号楼,442,103780012,1
6号楼,443,103780003,1
6号楼,444,103780010,1
6号楼,445,103780001,1
6号楼,446,103780009,1
6号楼,448,103780008,1
6号楼,450,103780006,1
6号楼,452,103780004,1
6号楼,454,103780002,1
6号楼,501,103800001,1
6号楼,502,103800002,1
6号楼,503,103800003,1
6号楼,504,103800004,1
6号楼,505,103800005,1
6号楼,506,103800006,1
6号楼,507,103800008,1
6号楼,508,103800007,1
6号楼,509,103800009,1
6号楼,510,103800010,1
6号楼,511,103800011,1
6号楼,512,103800012,1
6号楼,513,103800013,1
6号楼,514,103800014,1
6号楼,515,103800015,1
6号楼,516,103800016,1
6号楼,517,103810013,1
6号楼,518,103800017,1
6号楼,519,103810011,1
6号楼,520,103810014,1
6号楼,521,103810009,1
6号楼,522,103810012,1
6号楼,524,103810010,1
6号楼,526,103810008,1
6号楼,527,103810004,1
6号楼,528,103810007,1
6号楼,529,103810002,1
6号楼,530,103810006,1
6号楼,531,103820017,1
6号楼,532,103810005,1
6号楼,533,103820015,1
6号楼,534,103810003,1
6号楼,535,103820013,1
6号楼,536,103810001,1
6号楼,537,103820011,1
6号楼,538,103820016,1
6号楼,539,103820007,1
6号楼,540,103820014,1
6号楼,541,103820005,1
6号楼,542,103820012,1
6号楼,543,103820003,1
6号楼,544,103820010,1
6号楼,545,103820001,1
6号楼,546,103820009,1
6号楼,548,103820008,1
6号楼,550,103820006,1
6号楼,552,103820004,1
6号楼,554,103820002,1
6号楼,601,103840001,1
6号楼,602,103840002,1
6号楼,603,103840003,1
6号楼,604,103840004,1
6号楼,605,103840005,1
6号楼,606,103840006,1
6号楼,607,103840007,1
6号楼,608,103840008,1
6号楼,609,103840010,1
6号楼,610,103840009,1
6号楼,611,103840011,1
6号楼,612,103840012,1
6号楼,613,103840015,1
6号楼,614,103840014,1
6号楼,615,103840013,1
6号楼,616,103840016,1
6号楼,617,103850002,1
6号楼,618,103840017,1
6号楼,619,103850004,1
6号楼,620,103850001,1
6号楼,621,103850006,1
6号楼,622,103850003,1
6号楼,624,103850005,1
6号楼,626,103850007,1
6号楼,627,103850012,1
6号楼,628,103850008,1
6号楼,629,103850014,1
6号楼,630,103850009,1
6号楼,631,103860017,1
6号楼,632,103850010,1
6号楼,633,103860015,1
6号楼,634,103850011,1
6号楼,635,103860013,1
6号楼,636,103850013,1
6号楼,637,103860011,1
6号楼,638,103860016,1
6号楼,639,103860007,1
6号楼,640,103860014,1
6号楼,641,103860005,1
6号楼,642,103860012,1
6号楼,643,103860003,1
6号楼,644,103860010,1
6号楼,645,103860001,1
6号楼,646,103860009,1
6号楼,648,103860008,1
6号楼,650,103860006,1
6号楼,652,103860004,1
6号楼,654,103860002,1
7号楼,101,7101,2
7号楼,102,7102,2
7号楼,103,7103,2
7号楼,104,7104,2
7号楼,105,7105,2
7号楼,106,7106,2
7号楼,107,7107,2
7号楼,108,7108,2
7号楼,109,7109,2
7号楼,110,7110,2
7号楼,111,7111,2
7号楼,112,7112,2
7号楼,113,7113,2
7号楼,114,7114,2
7号楼,115,7115,2
7号楼,116,7116,2
7号楼,117,7117,2
7号楼,118,7118,2
7号楼,119,7119,2
7号楼,120,7120,2
7号楼,122,7122,2
7号楼,123,7123,2
7号楼,124,7124,2
7号楼,125,7125,2
7号楼,126,7126,2
7号楼,127,7127,2
7号楼,128,7128,2
7号楼,129,7129,2
7号楼,130,7130,2
7号楼,131,7131,2
7号楼,132,7132,2
7号楼,133,7133,2
7号楼,134,7134,2
7号楼,135,7135,2
7号楼,136,7136,2
7号楼,137,7137,2
7号楼,138,7138,2
7号楼,139,7139,2
7号楼,140,7140,2
7号楼,141,7141,2
7号楼,142,7142,2
7号楼,143,7143,2
7号楼,144,7144,2
7号楼,146,7146,2
7号楼,201,7201,2
7号楼,202,7202,2
7号楼,203,7203,2
7号楼,204,7204,2
7号楼,205,7205,2
7号楼,206,7206,2
7号楼,207,7207,2
7号楼,208,7208,2
7号楼,209,7209,2
7号楼,210,7210,2
7号楼,211,7211,2
7号楼,212,7212,2
7号楼,213,7213,2
7号楼,214,7214,2
7号楼,215,7215,2
7号楼,216,7216,2
7号楼,217,7217,2
7号楼,218,7218,2
7号楼,219,7219,2
7号楼,220,7220,2
7号楼,222,7222,2
7号楼,223,7223,2
7号楼,224,7224,2
7号楼,225,7225,2
7号楼,226,7226,2
7号楼,227,7227,2
7号楼,228,7228,2
7号楼,229,7229,2
7号楼,230,7230,2
7号楼,231,7231,2
7号楼,232,7232,2
7号楼,233,7233,2
7号楼,234,7234,2
7号楼,235,7235,2
7号楼,236,7236,2
7号楼,237,7237,2
7号楼,238,7238,2
7号楼,239,7239,2
7号楼,240,7240,2
7号楼,241,7241,2
7号楼,242,7242,2
7号楼,243,7243,2
7号楼,244,7244,2
7号楼,246,7246,2
7号楼,248,7248,2
7号楼,250,7250,2
7号楼,301,7301,2
7号楼,302,7302,2
7号楼,303,7303,2
7号楼,304,7304,2
7号楼,305,7305,2
7号楼,306,7306,2
7号楼,307,7307,2
7号楼,308,7308,2
7号楼,309,7309,2
7号楼,310,7310,2
7号楼,311,7311,2
7号楼,312,7312,2
7号楼,313,7313,2
7号楼,314,7314,2
7号楼,315,7315,2
7号楼,316,7316,2
7号楼,317,7317,2
7号楼,318,7318,2
7号楼,319,7319,2
7号楼,320,7320,2
7号楼,322,7322,2
7号楼,323,7323,2
7号楼,324,7324,2
7号楼,325,7325,2
7号楼,326,7326,2
7号楼,327,7327,2
7号楼,328,7328,2
7号楼,329,7329,2
7号楼,330,7330,2
7号楼,331,7331,2
7号楼,332,7332,2
7号楼,333,7333,2
7号楼,334,7334,2
7号楼,335,7335,2
7号楼,336,7336,2
7号楼,337,7337,2
7号楼,338,7338,2
7号楼,339,7339,2
7号楼,340,7340,2
7号楼,341,7341,2
7号楼,342,7342,2
7号楼,343,7343,2
7号楼,344,7344,2
7号楼,346,7346,2
7号楼,348,7348,2
7号楼,350,7350,2
7号楼,401,7401,2
7号楼,402,7402,2
7号楼,403,7403,2
7号楼,404,7404,2
7号楼,405,7405,2
7号楼,406,7406,2
7号楼,407,7407,2
7号楼,408,7408,2
7号楼,409,7409,2
7号楼,410,7410,2
7号楼,411,7411,2
7号楼,412,7412,2
7号楼,413,7413,2
7号楼,414,7414,2
7号楼,415,7415,2
7号楼,416,7416,2
7号楼,417,7417,2
7号楼,418,7418,2
7号楼,419,7419,2
7号楼,420,7420,2
7号楼,422,7422,2
7号楼,423,7423,2
7号楼,424,7424,2
7号楼,425,7425,2
7号楼,426,7426,2
7号楼,427,7427,2
7号楼,428,7428,2
7号楼,429,7429,2
7号楼,430,7430,2
7号楼,431,7431,2
7号楼,432,7432,2
7号楼,433,7433,2
7号楼,434,7434,2
7号楼,435,7435,2
7号楼,436,7436,2
7号楼,437,7437,2
7号楼,438,7438,2
7号楼,439,7439,2
7号楼,440,7440,2
7号楼,441,7441,2
7号楼,442,7442,2
7号楼,443,7443,2
7号楼,444,7444,2
7号楼,446,7446,2
7号楼,448,7448,2
7号楼,450,7450,2
7号楼,501,7501,2
7号楼,502,7502,2
7号楼,503,7503,2
7号楼,504,7504,2
7号楼,505,7505,2
7号楼,506,7506,2
7号楼,507,7507,2
7号楼,508,7508,2
7号楼,509,7509,2
7号楼,510,7510,2
7号楼,511,7511,2
7号楼,512,7512,2
7号楼,513,7513,2
7号楼,514,7514,2
7号楼,515,7515,2
7号楼,516,7516,2
7号楼,517,7517,2
7号楼,518,7518,2
7号楼,519,7519,2
7号楼,520,7520,2
7号楼,522,7522,2
7号楼,523,7523,2
7号楼,524,7524,2
7号楼,525,7525,2
7号楼,526,7526,2
7号楼,527,7527,2
7号楼,528,7528,2
7号楼,529,7529,2
7号楼,530,7530,2
7号楼,531,7531,2
7号楼,532,7532,2
7号楼,533,7533,2
7号楼,534,7534,2
7号楼,535,7535,2
7号楼,536,7536,2
7号楼,537,7537,2
7号楼,538,7538,2
7号楼,539,7539,2
7号楼,540,7540,2
7号楼,541,7541,2
7号楼,542,7542,2
7号楼,543,7543,2
7号楼,544,7544,2
7号楼,546,7546,2
7号楼,548,7548,2
7号楼,550,7550,2
7号楼,601,7601,2
7号楼,602,7602,2
7号楼,603,7603,2
7号楼,604,7604,2
7号楼,605,7605,2
7号楼,606,7606,2
7号楼,607,7607,2
7号楼,608,7608,2
7号楼,609,7609,2
7号楼,610,7610,2
7号楼,611,7611,2
7号楼,612,7612,2
7号楼,613,7613,2
7号楼,614,7614,2
7号楼,615,7615,2
7号楼,616,7616,2
7号楼,617,7617,2
7号楼,618,7618,2
7号楼,619,7619,2
7号楼,620,7620,2
7号楼,622,7622,2
7号楼,623,7623,2
7号楼,624,7624,2
7号楼,625,7625,2
7号楼,626,7626,2
7号楼,627,7627,2
7号楼,628,7628,2
7号楼,629,7629,2
7号楼,630,7630,2
7号楼,631,7631,2
7号楼,632,7632,2
7号楼,633,7633,2
7号楼,634,7634,2
7号楼,635,7635,2
7号楼,636,7636,2
7号楼,637,7637,2
7号楼,638,7638,2
7号楼,639,7639,2
7号楼,640,7640,2
7号楼,641,7641,2
7号楼,642,7642,2
7号楼,643,7643,2
7号楼,644,7644,2
7号楼,646,7646,2
7号楼,648,7648,2
7号楼,650,7650,2
8号楼,101,8101,2
8号楼,102,8102,2
8号楼,103,8103,2
8号楼,104,8104,2
8号楼,105,8105,2
8号楼,106,8106,2
8号楼,107,8107,2
8号楼,108,8108,2
8号楼,109,8109,2
8号楼,110,8110,2
8号楼,111,8111,2
8号楼,112,8112,2
8号楼,113,8113,2
8号楼,114,8114,2
8号楼,115,8115,2
8号楼,116,8116,2
8号楼,117,8117,2
8号楼,118,8118,2
8号楼,119,8119,2
8号楼,120,8120,2
8号楼,122,8122,2
8号楼,123,8123,2
8号楼,124,8124,2
8号楼,125,8125,2
8号楼,126,8126,2
8号楼,127,8127,2
8号楼,128,8128,2
8号楼,129,8129,2
8号楼,130,8130,2
8号楼,131,8131,2
8号楼,132,8132,2
8号楼,133,8133,2
8号楼,134,8134,2
8号楼,135,8135,2
8号楼,136,8136,2
8号楼,137,8137,2
8号楼,138,8138,2
8号楼,139,8139,2
8号楼,140,8140,2
8号楼,141,8141,2
8号楼,142,8142,2
8号楼,144,8144,2
8号楼,146,8146,2
8号楼,148,8148,2
8号楼,201,8201,2
8号楼,202,8202,2
8号楼,203,8203,2
8号楼,204,8204,2
8号楼,205,8205,2
8号楼,206,8206,2
8号楼,207,8207,2
8号楼,208,8208,2
8号楼,209,8209,2
8号楼,210,8210,2
8号楼,211,8211,2
8号楼,212,8212,2
8号楼,213,8213,2
8号楼,214,8214,2
8号楼,215,8215,2
8号楼,216,8216,2
8号楼,217,8217,2
8号楼,218,8218,2
8号楼,219,8219,2
8号楼,220,8220,2
8号楼,222,8222,2
8号楼,223,8223,2
8号楼,224,8224,2
8号楼,225,8225,2
8号楼,226,8226,2
8号楼,227,8227,2
8号楼,228,8228,2
8号楼,229,8229,2
8号楼,230,8230,2
8号楼,231,8231,2
8号楼,232,8232,2
8号楼,233,8233,2
8号楼,234,8234,2
8号楼,235,8235,2
8号楼,236,8236,2
8号楼,237,8237,2
8号楼,238,8238,2
8号楼,239,8239,2
8号楼,240,8240,2
8号楼,241,8241,2
8号楼,242,8242,2
8号楼,243,8243,2
8号楼,244,8244,2
8号楼,245,8245,2
8号楼,246,8246,2
8号楼,248,8248,2
8号楼,301,8301,2
8号楼,302,8302,2
8号楼,303,8303,2
8号楼,304,8304,2
8号楼,305,8305,2
8号楼,306,8306,2
8号楼,307,8307,2
8号楼,308,8308,2
8号楼,309,8309,2
8号楼,310,8310,2
8号楼,311,8311,2
8号楼,312,8312,2
8号楼,313,8313,2
8号楼,314,8314,2
8号楼,315,8315,2
8号楼,316,8316,2
8号楼,317,8317,2
8号楼,318,8318,2
8号楼,319,8319,2
8号楼,320,8320,2
8号楼,322,8322,2
8号楼,323,8323,2
8号楼,324,8324,2
8号楼,325,8325,2
8号楼,326,8326,2
8号楼,327,8327,2
8号楼,328,8328,2
8号楼,329,8329,2
8号楼,330,8330,2
8号楼,331,8331,2
8号楼,332,8332,2
8号楼,333,8333,2
8号楼,334,8334,2
8号楼,335,8335,2
8号楼,336,8336,2
8号楼,337,8337,2
8号楼,338,8338,2
8号楼,339,8339,2
8号楼,340,8340,2
8号楼,341,8341,2
8号楼,342,8342,2
8号楼,343,8343,2
8号楼,344,8344,2
8号楼,345,8345,2
8号楼,346,8346,2
8号楼,348,8348,2
8号楼,401,8401,2
8号楼,402,8402,2
8号楼,403,8403,2
8号楼,404,8404,2
8号楼,405,8405,2
8号楼,406,8406,2
8号楼,407,8407,2
8号楼,408,8408,2
8号楼,409,8409,2
8号楼,410,8410,2
8号楼,411,8411,2
8号楼,412,8412,2
8号楼,413,8413,2
8号楼,414,8414,2
8号楼,415,8415,2
8号楼,416,8416,2
8号楼,417,8417,2
8号楼,418,8418,2
8号楼,419,8419,2
8号楼,420,8420,2
8号楼,422,8422,2
8号楼,423,8423,2
8号楼,424,8424,2
8号楼,425,8425,2
8号楼,426,8426,2
8号楼,427,8427,2
8号楼,428,8428,2
8号楼,429,8429,2
8号楼,430,8430,2
8号楼,431,8431,2
8号楼,432,8432,2
8号楼,433,8433,2
8号楼,434,8434,2
8号楼,435,8435,2
8号楼,436,8436,2
8号楼,437,8437,2
8号楼,438,8438,2
8号楼,439,8439,2
8号楼,440,8440,2
8号楼,441,8441,2
8号楼,442,8442,2
8号楼,443,8443,2
8号楼,444,8444,2
8号楼,445,8445,2
8号楼,446,8446,2
8号楼,448,8448,2
8号楼,501,8501,2
8号楼,502,8502,2
8号楼,503,8503,2
8号楼,504,8504,2
8号楼,505,8505,2
8号楼,506,8506,2
8号楼,507,8507,2
8号楼,508,8508,2
8号楼,509,8509,2
8号楼,510,8510,2
8号楼,511,8511,2
8号楼,512,8512,2
8号楼,513,8513,2
8号楼,514,8514,2
8号楼,515,8515,2
8号楼,516,8516,2
8号楼,517,8517,2
8号楼,518,8518,2
8号楼,519,8519,2
8号楼,520,8520,2
8号楼,522,8522,2
8号楼,523,8523,2
8号楼,524,8524,2
8号楼,525,8525,2
8号楼,526,8526,2
8号楼,527,8527,2
8号楼,528,8528,2
8号楼,529,8529,2
8号楼,530,8530,2
8号楼,531,8531,2
8号楼,532,8532,2
8号楼,533,8533,2
8号楼,534,8534,2
8号楼,535,8535,2
8号楼,536,8536,2
8号楼,537,8537,2
8号楼,538,8538,2
8号楼,539,8539,2
8号楼,540,8540,2
8号楼,541,8541,2
8号楼,542,8542,2
8号楼,543,8543,2
8号楼,544,8544,2
8号楼,545,8545,2
8号楼,546,8546,2
8号楼,548,8548,2
8号楼,601,8601,2
8号楼,602,8602,2
8号楼,603,8603,2
8号楼,604,8604,2
8号楼,605,8605,2
8号楼,606,8606,2
8号楼,607,8607,2
8号楼,608,8608,2
8号楼,609,8609,2
8号楼,610,8610,2
8号楼,611,8611,2
8号楼,612,8612,2
8号楼,613,8613,2
8号楼,614,8614,2
8号楼,615,8615,2
8号楼,616,8616,2
8号楼,617,8617,2
8号楼,618,8618,2
8号楼,619,8619,2
8号楼,620,8620,2
8号楼,622,8622,2
8号楼,623,8623,2
8号楼,624,8624,2
8号楼,625,8625,2
8号楼,626,8626,2
8号楼,627,8627,2
8号楼,628,8628,2
8号楼,629,8629,2
8号楼,630,8630,2
8号楼,631,8631,2
8号楼,632,8632,2
8号楼,633,8633,2
8号楼,634,8634,2
8号楼,635,8635,2
8号楼,636,8636,2
8号楼,637,8637,2
8号楼,638,8638,2
8号楼,639,8639,2
8号楼,640,8640,2
8号楼,641,8641,2
8号楼,642,8642,2
8号楼,643,8643,2
8号楼,644,8644,2
8号楼,645,8645,2
8号楼,646,8646,2
8号楼,648,8648,2
9号楼,101,9101,2
9号楼,102,9102,2
9号楼,103,9103,2
9号楼,104,9104,2
9号楼,105,9105,2
9号楼,106,9106,2
9号楼,107,9107,2
9号楼,108,9108,2
9号楼,109,9109,2
9号楼,110,9110,2
9号楼,111,9111,2
9号楼,112,9112,2
9号楼,113,9113,2
9号楼,114,9114,2
9号楼,115,9115,2
9号楼,116,9116,2
9号楼,117,9117,2
9号楼,118,9118,2
9号楼,119,9119,2
9号楼,120,9120,2
9号楼,122,9122,2
9号楼,123,9123,2
9号楼,124,9124,2
9号楼,125,9125,2
9号楼,126,9126,2
9号楼,127,9127,2
9号楼,128,9128,2
9号楼,129,9129,2
9号楼,130,9130,2
9号楼,131,9131,2
9号楼,132,9132,2
9号楼,133,9133,2
9号楼,134,9134,2
9号楼,135,9135,2
9号楼,136,9136,2
9号楼,137,9137,2
9号楼,138,9138,2
9号楼,139,9139,2
9号楼,140,9140,2
9号楼,141,9141,2
9号楼,142,9142,2
9号楼,144,9144,2
9号楼,146,9146,2
9号楼,148,9148,2
9号楼,201,9201,2
9号楼,202,9202,2
9号楼,203,9203,2
9号楼,204,9204,2
9号楼,205,9205,2
9号楼,206,9206,2
9号楼,207,9207,2
9号楼,208,9208,2
9号楼,209,9209,2
9号楼,210,9210,2
9号楼,211,9211,2
9号楼,212,9212,2
9号楼,213,9213,2
9号楼,214,9214,2
9号楼,215,9215,2
9号楼,216,9216,2
9号楼,217,9217,2
9号楼,218,9218,2
9号楼,219,9219,2
9号楼,220,9220,2
9号楼,222,9222,2
9号楼,223,9223,2
9号楼,224,9224,2
9号楼,225,9225,2
9号楼,226,9226,2
9号楼,227,9227,2
9号楼,228,9228,2
9号楼,229,9229,2
9号楼,230,9230,2
9号楼,231,9231,2
9号楼,232,9232,2
9号楼,233,9233,2
9号楼,234,9234,2
9号楼,235,9235,2
9号楼,236,9236,2
9号楼,237,9237,2
9号楼,238,9238,2
9号楼,239,9239,2
9号楼,240,9240,2
9号楼,241,9241,2
9号楼,242,9242,2
9号楼,243,9243,2
9号楼,244,9244,2
9号楼,245,9245,2
9号楼,246,9246,2
9号楼,248,9248,2
9号楼,301,9301,2
9号楼,302,9302,2
9号楼,303,9303,2
9号楼,304,9304,2
9号楼,305,9305,2
9号楼,306,9306,2
9号楼,307,9307,2
9号楼,308,9308,2
9号楼,309,9309,2
9号楼,310,9310,2
9号楼,311,9311,2
9号楼,312,9312,2
9号楼,313,9313,2
9号楼,314,9314,2
9号楼,315,9315,2
9号楼,316,9316,2
9号楼,317,9317,2
9号楼,318,9318,2
9号楼,319,9319,2
9号楼,320,9320,2
9号楼,322,9322,2
9号楼,323,9323,2
9号楼,324,9324,2
9号楼,325,9325,2
9号楼,326,9326,2
9号楼,327,9327,2
9号楼,328,9328,2
9号楼,329,9329,2
9号楼,330,9330,2
9号楼,331,9331,2
9号楼,332,9332,2
9号楼,333,9333,2
9号楼,334,9334,2
9号楼,335,9335,2
9号楼,336,9336,2
9号楼,337,9337,2
9号楼,338,9338,2
9号楼,339,9339,2
9号楼,340,9340,2
9号楼,341,9341,2
9号楼,342,9342,2
9号楼,343,9343,2
9号楼,344,9344,2
9号楼,345,9345,2
9号楼,346,9346,2
9号楼,348,9348,2
9号楼,401,9401,2
9号楼,402,9402,2
9号楼,403,9403,2
9号楼,404,9404,2
9号楼,405,9405,2
9号楼,406,9406,2
9号楼,407,9407,2
9号楼,408,9408,2
9号楼,409,9409,2
9号楼,410,9410,2
9号楼,411,9411,2
9号楼,412,9412,2
9号楼,413,9413,2
9号楼,414,9414,2
9号楼,415,9415,2
9号楼,416,9416,2
9号楼,417,9417,2
9号楼,418,9418,2
9号楼,419,9419,2
9号楼,420,9420,2
9号楼,422,9422,2
9号楼,423,9423,2
9号楼,424,9424,2
9号楼,425,9425,2
9号楼,426,9426,2
9号楼,427,9427,2
9号楼,428,9428,2
9号楼,429,9429,2
9号楼,430,9430,2
9号楼,431,9431,2
9号楼,432,9432,2
9号楼,433,9433,2
9号楼,434,9434,2
9号楼,435,9435,2
9号楼,436,9436,2
9号楼,437,9437,2
9号楼,438,9438,2
9号楼,439,9439,2
9号楼,440,9440,2
9号楼,441,9441,2
9号楼,442,9442,2
9号楼,443,9443,2
9号楼,444,9444,2
9号楼,445,9445,2
9号楼,446,9446,2
9号楼,448,9448,2
9号楼,501,9501,2
9号楼,502,9502,2
9号楼,503,9503,2
9号楼,504,9504,2
9号楼,505,9505,2
9号楼,506,9506,2
9号楼,507,9507,2
9号楼,508,9508,2
9号楼,509,9509,2
9号楼,510,9510,2
9号楼,511,9511,2
9号楼,512,9512,2
9号楼,513,9513,2
9号楼,514,9514,2
9号楼,515,9515,2
9号楼,516,9516,2
9号楼,517,9517,2
9号楼,518,9518,2
9号楼,519,9519,2
9号楼,520,9520,2
9号楼,522,9522,2
9号楼,523,9523,2
9号楼,524,9524,2
9号楼,525,9525,2
9号楼,526,9526,2
9号楼,527,9527,2
9号楼,528,9528,2
9号楼,529,9529,2
9号楼,530,9530,2
9号楼,531,9531,2
9号楼,532,9532,2
9号楼,533,9533,2
9号楼,534,9534,2
9号楼,535,9535,2
9号楼,536,9536,2
9号楼,537,9537,2
9号楼,538,9538,2
9号楼,539,9539,2
9号楼,540,9540,2
9号楼,541,9541,2
9号楼,542,9542,2
9号楼,543,9543,2
9号楼,544,9544,2
9号楼,545,9545,2
9号楼,546,9546,2
9号楼,548,9548,2
9号楼,601,9601,2
9号楼,602,9602,2
9号楼,603,9603,2
9号楼,604,9604,2
9号楼,605,9605,2
9号楼,606,9606,2
9号楼,607,9607,2
9号楼,608,9608,2
9号楼,609,9609,2
9号楼,610,9610,2
9号楼,611,9611,2
9号楼,612,9612,2
9号楼,613,9613,2
9号楼,614,9614,2
9号楼,615,9615,2
9号楼,616,9616,2
9号楼,617,9617,2
9号楼,618,9618,2
9号楼,619,9619,2
9号楼,620,9620,2
9号楼,622,9622,2
9号楼,623,9623,2
9号楼,624,9624,2
9号楼,625,9625,2
9号楼,626,9626,2
9号楼,627,9627,2
9号楼,628,9628,2
9号楼,629,9629,2
9号楼,630,9630,2
9号楼,631,9631,2
9号楼,632,9632,2
9号楼,633,9633,2
9号楼,634,9634,2
9号楼,635,9635,2
9号楼,636,9636,2
9号楼,637,9637,2
9号楼,638,9638,2
9号楼,639,9639,2
9号楼,640,9640,2
9号楼,641,9641,2
9号楼,642,9642,2
9号楼,643,9643,2
9号楼,644,9644,2
9号楼,645,9645,2
9号楼,646,9646,2
9号楼,648,9648,2
10号楼,101,10101,2
10号楼,102,10102,2
10号楼,103,10103,2
10号楼,104,10104,2
10号楼,105,10105,2
10号楼,106,10106,2
10号楼,107,10107,2
10号楼,108,10108,2
10号楼,109,10109,2
10号楼,110,10110,2
10号楼,111,10111,2
10号楼,112,10112,2
10号楼,113,10113,2
10号楼,114,10114,2
10号楼,115,10115,2
10号楼,116,10116,2
10号楼,117,10117,2
10号楼,118,10118,2
10号楼,119,10119,2
10号楼,120,10120,2
10号楼,122,10122,2
10号楼,123,10123,2
10号楼,124,10124,2
10号楼,125,10125,2
10号楼,126,10126,2
10号楼,127,10127,2
10号楼,128,10128,2
10号楼,129,10129,2
10号楼,130,10130,2
10号楼,131,10131,2
10号楼,132,10132,2
10号楼,133,10133,2
10号楼,134,10134,2
10号楼,135,10135,2
10号楼,136,10136,2
10号楼,137,10137,2
10号楼,138,10138,2
10号楼,139,10139,2
10号楼,140,10140,2
10号楼,141,10141,2
10号楼,142,10142,2
10号楼,143,10143,2
10号楼,144,10144,2
10号楼,146,10146,2
10号楼,201,10201,2
10号楼,202,10202,2
10号楼,203,10203,2
10号楼,204,10204,2
10号楼,205,10205,2
10号楼,206,10206,2
10号楼,207,10207,2
10号楼,208,10208,2
10号楼,209,10209,2
10号楼,210,10210,2
10号楼,211,10211,2
10号楼,212,10212,2
10号楼,213,10213,2
10号楼,214,10214,2
10号楼,215,10215,2
10号楼,216,10216,2
10号楼,217,10217,2
10号楼,218,10218,2
10号楼,219,10219,2
10号楼,220,10220,2
10号楼,222,10222,2
10号楼,223,10223,2
10号楼,224,10224,2
10号楼,225,10225,2
10号楼,226,10226,2
10号楼,227,10227,2
10号楼,228,10228,2
10号楼,229,10229,2
10号楼,230,10230,2
10号楼,231,10231,2
10号楼,232,10232,2
10号楼,233,10233,2
10号楼,234,10234,2
10号楼,235,10235,2
10号楼,236,10236,2
10号楼,237,10237,2
10号楼,238,10238,2
10号楼,239,10239,2
10号楼,240,10240,2
10号楼,241,10241,2
10号楼,242,10242,2
10号楼,243,10243,2
10号楼,244,10244,2
10号楼,246,10246,2
10号楼,248,10248,2
10号楼,250,10250,2
10号楼,301,10301,2
10号楼,302,10302,2
10号楼,303,10303,2
10号楼,304,10304,2
10号楼,305,10305,2
10号楼,306,10306,2
10号楼,307,10307,2
10号楼,308,10308,2
10号楼,309,10309,2
10号楼,310,10310,2
10号楼,311,10311,2
10号楼,312,10312,2
10号楼,313,10313,2
10号楼,314,10314,2
10号楼,315,10315,2
10号楼,316,10316,2
10号楼,317,10317,2
10号楼,318,10318,2
10号楼,319,10319,2
10号楼,320,10320,2
10号楼,322,10322,2
10号楼,323,10323,2
10号楼,324,10324,2
10号楼,325,10325,2
10号楼,326,10326,2
10号楼,327,10327,2
10号楼,328,10328,2
10号楼,329,10329,2
10号楼,330,10330,2
10号楼,331,10331,2
10号楼,332,10332,2
10号楼,333,10333,2
10号楼,334,10334,2
10号楼,335,10335,2
10号楼,336,10336,2
10号楼,337,10337,2
10号楼,338,10338,2
10号楼,339,10339,2
10号楼,340,10340,2
10号楼,341,10341,2
10号楼,342,10342,2
10号楼,343,10343,2
10号楼,344,10344,2
10号楼,346,10346,2
10号楼,348,10348,2
10号楼,350,10350,2
10号楼,401,10401,2
10号楼,402,10402,2
10号楼,403,10403,2
10号楼,404,10404,2
10号楼,405,10405,2
10号楼,406,10406,2
10号楼,407,10407,2
10号楼,408,10408,2
10号楼,409,10409,2
10号楼,410,10410,2
10号楼,411,10411,2
10号楼,412,10412,2
10号楼,413,10413,2
10号楼,414,10414,2
10号楼,415,10415,2
10号楼,416,10416,2
10号楼,417,10417,2
10号楼,418,10418,2
10号楼,419,10419,2
10号楼,420,10420,2
10号楼,422,10422,2
10号楼,423,10423,2
10号楼,424,10424,2
10号楼,425,10425,2
10号楼,426,10426,2
10号楼,427,10427,2
10号楼,428,10428,2
10号楼,429,10429,2
10号楼,430,10430,2
10号楼,431,10431,2
10号楼,432,10432,2
10号楼,433,10433,2
10号楼,434,10434,2
10号楼,435,10435,2
10号楼,436,10436,2
10号楼,437,10437,2
10号楼,438,10438,2
10号楼,439,10439,2
10号楼,440,10440,2
10号楼,441,10441,2
10号楼,442,10442,2
10号楼,443,10443,2
10号楼,444,10444,2
10号楼,446,10446,2
10号楼,448,10448,2
10号楼,450,10450,2
10号楼,501,10501,2
10号楼,502,10502,2
10号楼,503,10503,2
10号楼,504,10504,2
10号楼,505,10505,2
10号楼,506,10506,2
10号楼,507,10507,2
10号楼,508,10508,2
10号楼,509,10509,2
10号楼,510,10510,2
10号楼,511,10511,2
10号楼,512,10512,2
10号楼,513,10513,2
10号楼,514,10514,2
10号楼,515,10515,2
10号楼,516,10516,2
10号楼,517,10517,2
10号楼,518,10518,2
10号楼,519,10519,2
10号楼,520,10520,2
10号楼,522,10522,2
10号楼,523,10523,2
10号楼,524,10524,2
10号楼,525,10525,2
10号楼,526,10526,2
10号楼,527,10527,2
10号楼,528,10528,2
10号楼,529,10529,2
10号楼,530,10530,2
10号楼,531,10531,2
10号楼,532,10532,2
10号楼,533,10533,2
10号楼,534,10534,2
10号楼,535,10535,2
10号楼,536,10536,2
10号楼,537,10537,2
10号楼,538,10538,2
10号楼,539,10539,2
10号楼,540,10540,2
10号楼,541,10541,2
10号楼,542,10542,2
10号楼,543,10543,2
10号楼,544,10544,2
10号楼,546,10546,2
10号楼,548,10548,2
10号楼,550,10550,2
10号楼,601,10601,2
10号楼,602,10602,2
10号楼,603,10603,2
10号楼,604,10604,2
10号楼,605,10605,2
10号楼,606,10606,2
10号楼,607,10607,2
10号楼,608,10608,2
10号楼,609,10609,2
10号楼,610,10610,2
10号楼,611,10611,2
10号楼,612,10612,2
10号楼,613,10613,2
10号楼,614,10614,2
10号楼,615,10615,2
10号楼,616,10616,2
10号楼,617,10617,2
10号楼,618,10618,2
10号楼,619,10619,2
10号楼,620,10620,2
10号楼,622,10622,2
10号楼,623,10623,2
10号楼,624,10624,2
10号楼,625,10625,2
10号楼,626,10626,2
10号楼,627,10627,2
10号楼,628,10628,2
10号楼,629,10629,2
10号楼,630,10630,2
10号楼,631,10631,2
10号楼,632,10632,2
10号楼,633,10633,2
10号楼,634,10634,2
10号楼,635,10635,2
10号楼,636,10636,2
10号楼,637,10637,2
10号楼,638,10638,2
10号楼,639,10639,2
10号楼,640,10640,2
10号楼,641,10641,2
10号楼,642,10642,2
10号楼,643,10643,2
10号楼,644,10644,2
10号楼,646,10646,2
10号楼,648,10648,2
10号楼,650,10650,2
11号楼,101,11101,2
11号楼,102,11102,2
11号楼,103,11103,2
11号楼,104,11104,2
11号楼,105,11105,2
11号楼,106,11106,2
11号楼,107,11107,2
11号楼,108,11108,2
11号楼,109,11109,2
11号楼,110,11110,2
11号楼,111,11111,2
11号楼,112,11112,2
11号楼,113,11113,2
11号楼,114,11114,2
11号楼,115,11115,2
11号楼,116,11116,2
11号楼,117,11117,2
11号楼,118,11118,2
11号楼,119,11119,2
11号楼,120,11120,2
11号楼,122,11122,2
11号楼,123,11123,2
11号楼,124,11124,2
11号楼,125,11125,2
11号楼,126,11126,2
11号楼,127,11127,2
11号楼,128,11128,2
11号楼,129,11129,2
11号楼,130,11130,2
11号楼,131,11131,2
11号楼,132,11132,2
11号楼,133,11133,2
11号楼,134,11134,2
11号楼,135,11135,2
11号楼,136,11136,2
11号楼,137,11137,2
11号楼,138,11138,2
11号楼,139,11139,2
11号楼,140,11140,2
11号楼,141,11141,2
11号楼,142,11142,2
11号楼,144,11144,2
11号楼,146,11146,2
11号楼,148,11148,2
11号楼,201,11201,2
11号楼,202,11202,2
11号楼,203,11203,2
11号楼,204,11204,2
11号楼,205,11205,2
11号楼,206,11206,2
11号楼,207,11207,2
11号楼,208,11208,2
11号楼,209,11209,2
11号楼,210,11210,2
11号楼,211,11211,2
11号楼,212,11212,2
11号楼,213,11213,2
11号楼,214,11214,2
11号楼,215,11215,2
11号楼,216,11216,2
11号楼,217,11217,2
11号楼,218,11218,2
11号楼,219,11219,2
11号楼,220,11220,2
11号楼,222,11222,2
11号楼,223,11223,2
11号楼,224,11224,2
11号楼,225,11225,2
11号楼,226,11226,2
11号楼,227,11227,2
11号楼,228,11228,2
11号楼,229,11229,2
11号楼,230,11230,2
11号楼,231,11231,2
11号楼,232,11232,2
11号楼,233,11233,2
11号楼,234,11234,2
11号楼,235,11235,2
11号楼,236,11236,2
11号楼,237,11237,2
11号楼,238,11238,2
11号楼,239,11239,2
11号楼,240,11240,2
11号楼,241,11241,2
11号楼,242,11242,2
11号楼,243,11243,2
11号楼,244,11244,2
11号楼,245,11245,2
11号楼,246,11246,2
11号楼,248,11248,2
11号楼,301,11301,2
11号楼,302,11302,2
11号楼,303,11303,2
11号楼,304,11304,2
11号楼,305,11305,2
11号楼,306,11306,2
11号楼,307,11307,2
11号楼,308,11308,2
11号楼,309,11309,2
11号楼,310,11310,2
11号楼,311,11311,2
11号楼,312,11312,2
11号楼,313,11313,2
11号楼,314,11314,2
11号楼,315,11315,2
11号楼,316,11316,2
11号楼,317,11317,2
11号楼,318,11318,2
11号楼,319,11319,2
11号楼,320,11320,2
11号楼,322,11322,2
11号楼,323,11323,2
11号楼,324,11324,2
11号楼,325,11325,2
11号楼,326,11326,2
11号楼,327,11327,2
11号楼,328,11328,2
11号楼,329,11329,2
11号楼,330,11330,2
11号楼,331,11331,2
11号楼,332,11332,2
11号楼,333,11333,2
11号楼,334,11334,2
11号楼,335,11335,2
11号楼,336,11336,2
11号楼,337,11337,2
11号楼,338,11338,2
11号楼,339,11339,2
11号楼,340,11340,2
11号楼,341,11341,2
11号楼,342,11342,2
11号楼,343,11343,2
11号楼,344,11344,2
11号楼,345,11345,2
11号楼,346,11346,2
11号楼,348,11348,2
11号楼,401,11401,2
11号楼,402,11402,2
11号楼,403,11403,2
11号楼,404,11404,2
11号楼,405,11405,2
11号楼,406,11406,2
11号楼,407,11407,2
11号楼,408,11408,2
11号楼,409,11409,2
11号楼,410,11410,2
11号楼,411,11411,2
11号楼,412,11412,2
11号楼,413,11413,2
11号楼,414,11414,2
11号楼,415,11415,2
11号楼,416,11416,2
11号楼,417,11417,2
11号楼,418,11418,2
11号楼,419,11419,2
11号楼,420,11420,2
11号楼,422,11422,2
11号楼,423,11423,2
11号楼,424,11424,2
11号楼,425,11425,2
11号楼,426,11426,2
11号楼,427,11427,2
11号楼,428,11428,2
11号楼,429,11429,2
11号楼,430,11430,2
11号楼,431,11431,2
11号楼,432,11432,2
11号楼,433,11433,2
11号楼,434,11434,2
11号楼,435,11435,2
11号楼,436,11436,2
11号楼,437,11437,2
11号楼,438,11438,2
11号楼,439,11439,2
11号楼,440,11440,2
11号楼,441,11441,2
11号楼,442,11442,2
11号楼,443,11443,2
11号楼,444,11444,2
11号楼,445,11445,2
11号楼,446,11446,2
11号楼,448,11448,2
11号楼,501,11501,2
11号楼,502,11502,2
11号楼,503,11503,2
11号楼,504,11504,2
11号楼,505,11505,2
11号楼,506,11506,2
11号楼,507,11507,2
11号楼,508,11508,2
11号楼,509,11509,2
11号楼,510,11510,2
11号楼,511,11511,2
11号楼,512,11512,2
11号楼,513,11513,2
11号楼,514,11514,2
11号楼,515,11515,2
11号楼,516,11516,2
11号楼,517,11517,2
11号楼,518,11518,2
11号楼,519,11519,2
11号楼,520,11520,2
11号楼,522,11522,2
11号楼,523,11523,2
11号楼,524,11524,2
11号楼,525,11525,2
11号楼,526,11526,2
11号楼,527,11527,2
11号楼,528,11528,2
11号楼,529,11529,2
11号楼,530,11530,2
11号楼,531,11531,2
11号楼,532,11532,2
11号楼,533,11533,2
11号楼,534,11534,2
11号楼,535,11535,2
11号楼,536,11536,2
11号楼,537,11537,2
11号楼,538,11538,2
11号楼,539,11539,2
11号楼,540,11540,2
11号楼,541,11541,2
11号楼,542,11542,2
11号楼,543,11543,2
11号楼,544,11544,2
11号楼,545,11545,2
11号楼,546,11546,2
11号楼,548,11548,2
11号楼,601,11601,2
11号楼,602,11602,2
11号楼,603,11603,2
11号楼,604,11604,2
11号楼,605,11605,2
11号楼,606,11606,2
11号楼,607,11607,2
11号楼,608,11608,2
11号楼,609,11609,2
11号楼,610,11610,2
11号楼,611,11611,2
11号楼,612,11612,2
11号楼,613,11613,2
11号楼,614,11614,2
11号楼,615,11615,2
11号楼,616,11616,2
11号楼,617,11617,2
11号楼,618,11618,2
11号楼,619,11619,2
11号楼,620,11620,2
11号楼,622,11622,2
11号楼,623,11623,2
11号楼,624,11624,2
11号楼,625,11625,2
11号楼,626,11626,2
11号楼,627,11627,2
11号楼,628,11628,2
11号楼,629,11629,2
11号楼,630,11630,2
11号楼,631,11631,2
11号楼,632,11632,2
11号楼,633,11633,2
11号楼,634,11634,2
11号楼,635,11635,2
11号楼,636,11636,2
11号楼,637,11637,2
11号楼,638,11638,2
11号楼,639,11639,2
11号楼,640,11640,2
11号楼,641,11641,2
11号楼,642,11642,2
11号楼,643,11643,2
11号楼,644,11644,2
11号楼,645,11645,2
11号楼,646,11646,2
11号楼,648,11648,2
12号楼,101,0015430009,3
12号楼,102,0015430001,3
12号楼,103,0015430010,3
12号楼,104,0015430002,3
12号楼,105,0015430011,3
12号楼,106,0015430003,3
12号楼,107,0015430012,3
12号楼,108,0015430004,3
12号楼,109,0015430013,3
12号楼,110,0015430005,3
12号楼,111,0015430014,3
12号楼,112,0015430006,3
12号楼,113,0015430015,3
12号楼,114,0015430007,3
12号楼,115,0015440006,3
12号楼,116,0015430008,3
12号楼,118,0015440001,3
12号楼,120,0015440002,3
12号楼,123,0015440007,3
12号楼,124,0015440003,3
12号楼,125,0015440008,3
12号楼,126,0015440004,3
12号楼,127,0015440009,3
12号楼,128,0015440005,3
12号楼,129,0015460009,3
12号楼,130,0015460001,3
12号楼,131,0015460010,3
12号楼,132,0015460002,3
12号楼,133,0015460011,3
12号楼,134,0015460003,3
12号楼,135,0015460012,3
12号楼,136,0015460004,3
12号楼,137,0015460013,3
12号楼,138,0015460005,3
12号楼,139,0015460014,3
12号楼,140,0015460006,3
12号楼,141,0015460015,3
12号楼,142,0015460007,3
12号楼,144,0015460008,3
12号楼,201,0015520009,3
12号楼,202,0015520001,3
12号楼,203,0015520010,3
12号楼,204,0015520002,3
12号楼,205,0015520011,3
12号楼,206,0015520003,3
12号楼,207,0015520012,3
12号楼,208,0015520004,3
12号楼,209,0015520013,3
12号楼,210,0015520005,3
12号楼,211,0015520014,3
12号楼,212,0015520006,3
12号楼,213,0015520015,3
12号楼,214,0015520007,3
12号楼,215,0015290010,3
12号楼,216,0015520008,3
12号楼,217,0015290011,3
12号楼,218,0015290001,3
12号楼,220,0015290002,3
12号楼,222,0015290003,3
12号楼,223,0015290012,3
12号楼,224,0015290004,3
12号楼,225,0015290013,3
12号楼,226,0015290005,3
12号楼,227,0015290014,3
12号楼,228,0015290006,3
12号楼,229,0015290015,3
12号楼,230,0015290007,3
12号楼,231,0015510009,3
12号楼,232,0015290008,3
12号楼,233,0015510010,3
12号楼,234,0015290009,3
12号楼,235,0015510011,3
12号楼,236,0015510001,3
12号楼,237,0015510012,3
12号楼,238,0015510002,3
12号楼,239,0015510013,3
12号楼,240,0015510003,3
12号楼,241,0015510014,3
12号楼,242,0015510004,3
12号楼,243,0015510015,3
12号楼,244,0015510005,3
12号楼,246,0015510006,3
12号楼,248,0015510007,3
12号楼,250,0015510008,3
12号楼,301,0015300009,3
12号楼,302,0015300001,3
12号楼,303,0015300010,3
12号楼,304,0015300002,3
12号楼,305,0015300011,3
12号楼,306,0015300003,3
12号楼,307,0015300012,3
12号楼,308,0015300004,3
12号楼,309,0015300013,3
12号楼,310,0015300005,3
12号楼,311,0015300014,3
12号楼,312,0015300006,3
12号楼,313,0015300015,3
12号楼,314,0015300007,3
12号楼,315,0015530010,3
12号楼,316,0015300008,3
12号楼,317,0015530011,3
12号楼,318,0015530001,3
12号楼,320,0015530002,3
12号楼,322,0015530003,3
12号楼,324,0015530004,3
12号楼,325,0015530012,3
12号楼,326,0015530005,3
12号楼,327,0015530013,3
12号楼,328,0015530006,3
12号楼,329,0015530014,3
12号楼,330,0015530007,3
12号楼,331,0015480009,3
12号楼,332,0015530008,3
12号楼,333,0015480010,3
12号楼,334,0015530009,3
12号楼,335,0015480011,3
12号楼,336,0015480001,3
12号楼,337,0015480012,3
12号楼,338,0015480002,3
12号楼,339,0015480013,3
12号楼,340,0015480003,3
12号楼,341,0015480014,3
12号楼,342,0015480004,3
12号楼,343,0015480015,3
12号楼,344,0015480005,3
12号楼,346,0015480006,3
12号楼,348,0015480007,3
12号楼,350,0015480008,3
12号楼,401,0015690009,3
12号楼,402,0015690001,3
12号楼,403,0015690010,3
12号楼,404,0015690002,3
12号楼,405,0015690011,3
12号楼,406,0015690003,3
12号楼,407,0015690012,3
12号楼,408,0015690004,3
12号楼,409,0015690013,3
12号楼,410,0015690005,3
12号楼,411,0015690014,3
12号楼,412,0015690006,3
12号楼,413,0015690015,3
12号楼,414,0015690007,3
12号楼,415,0015660010,3
12号楼,416,0015690008,3
12号楼,417,0015660011,3
12号楼,418,0015660001,3
12号楼,420,0015660002,3
12号楼,422,0015660003,3
12号楼,423,0015660012,3
12号楼,424,0015660004,3
12号楼,425,0015660013,3
12号楼,426,0015660005,3
12号楼,427,0015660014,3
12号楼,428,0015660006,3
12号楼,429,0015660015,3
12号楼,430,0015660007,3
12号楼,431,0015270009,3
12号楼,432,0015660008,3
12号楼,433,0015270010,3
12号楼,434,0015660009,3
12号楼,435,0015270011,3
12号楼,436,0015270001,3
12号楼,437,0015270012,3
12号楼,438,0015270002,3
12号楼,439,0015270013,3
12号楼,440,0015270003,3
12号楼,441,0015270014,3
12号楼,442,0015270004,3
12号楼,443,0015270015,3
12号楼,444,0015270005,3
12号楼,446,0015270006,3
12号楼,448,0015270007,3
12号楼,450,0015270008,3
12号楼,501,0015320009,3
12号楼,502,0015320001,3
12号楼,503,0015320010,3
12号楼,504,0015320002,3
12号楼,505,0015320011,3
12号楼,506,0015320003,3
12号楼,507,0015320012,3
12号楼,508,0015320004,3
12号楼,509,0015320013,3
12号楼,510,0015320005,3
12号楼,511,0015320014,3
12号楼,512,0015320006,3
12号楼,513,0015320015,3
12号楼,514,0015320007,3
12号楼,515,0015640010,3
12号楼,516,0015320008,3
12号楼,517,0015640011,3
12号楼,518,0015640001,3
12号楼,520,0015640002,3
12号楼,522,0015640003,3
12号楼,523,0015640012,3
12号楼,524,0015640004,3
12号楼,525,0015640013,3
12号楼,526,0015640005,3
12号楼,527,0015640014,3
12号楼,528,0015640006,3
12号楼,529,0015640015,3
12号楼,530,0015640007,3
12号楼,531,0015350009,3
12号楼,532,0015640008,3
12号楼,533,0015350010,3
12号楼,534,0015640009,3
12号楼,535,0015350011,3
12号楼,536,0015350001,3
12号楼,537,0015350012,3
12号楼,538,0015350002,3
12号楼,539,0015350013,3
12号楼,540,0015350003,3
12号楼,541,0015350014,3
12号楼,542,0015350004,3
12号楼,543,0015350015,3
12号楼,544,0015350005,3
12号楼,546,0015350006,3
12号楼,548,0015350007,3
12号楼,550,0015350008,3
12号楼,601,0015360009,3
12号楼,602,0015360001,3
12号楼,603,0015360010,3
12号楼,604,0015360002,3
12号楼,605,0015360011,3
12号楼,606,0015360003,3
12号楼,607,0015360012,3
12号楼,608,0015360004,3
12号楼,609,0015360013,3
12号楼,610,0015360005,3
12号楼,611,0015360014,3
12号楼,612,0015360006,3
12号楼,613,0015360015,3
12号楼,614,0015360007,3
12号楼,615,0015650010,3
12号楼,616,0015360008,3
12号楼,617,0015650011,3
12号楼,618,0015650001,3
12号楼,620,0015650002,3
12号楼,622,0015650003,3
12号楼,623,0015650012,3
12号楼,624,0015650004,3
12号楼,625,0015650013,3
12号楼,626,0015650005,3
12号楼,627,0015650014,3
12号楼,628,0015650006,3
12号楼,629,0015650015,3
12号楼,630,0015650007,3
12号楼,631,0015420009,3
12号楼,632,0015650008,3
12号楼,633,0015420010,3
12号楼,634,0015650009,3
12号楼,635,0015420011,3
12号楼,636,0015420001,3
12号楼,637,0015420012,3
12号楼,638,0015420002,3
12号楼,639,0015420013,3
12号楼,640,0015420003,3
12号楼,641,0015420014,3
12号楼,642,0015420004,3
12号楼,643,0015420015,3
12号楼,644,0015420005,3
12号楼,646,0015420006,3
12号楼,648,0015420007,3
12号楼,650,0015420008,3
13号楼,101,0015240009,3
13号楼,102,0015240001,3
13号楼,103,0015240010,3
13号楼,104,0015240002,3
13号楼,105,0015240011,3
13号楼,106,0015240003,3
13号楼,107,0015240012,3
13号楼,108,0015240004,3
13号楼,109,0015240013,3
13号楼,110,0015240005,3
13号楼,111,0015240014,3
13号楼,112,0015240006,3
13号楼,113,0015240015,3
13号楼,114,0015240007,3
13号楼,115,0015590006,3
13号楼,116,0015240008,3
13号楼,118,0015590001,3
13号楼,120,0015590002,3
13号楼,123,0015590007,3
13号楼,124,0015590003,3
13号楼,125,0015590008,3
13号楼,126,0015590004,3
13号楼,127,0015590009,3
13号楼,128,0015590005,3
13号楼,129,0015230009,3
13号楼,130,0015230001,3
13号楼,131,0015230010,3
13号楼,132,0015230002,3
13号楼,133,0015230011,3
13号楼,134,0015230003,3
13号楼,135,0015230012,3
13号楼,136,0015230004,3
13号楼,137,0015230013,3
13号楼,138,0015230005,3
13号楼,139,0015230014,3
13号楼,140,0015230006,3
13号楼,141,0015230015,3
13号楼,142,0015230007,3
13号楼,144,0015230008,3
13号楼,201,0015490009,3
13号楼,202,0015490001,3
13号楼,203,0015490010,3
13号楼,204,0015490002,3
13号楼,205,0015490011,3
13号楼,206,0015490003,3
13号楼,207,0015490012,3
13号楼,208,0015490004,3
13号楼,209,0015490013,3
13号楼,210,0015490005,3
13号楼,211,0015490014,3
13号楼,212,0015490006,3
13号楼,213,0015490015,3
13号楼,214,0015490007,3
13号楼,215,0015630010,3
13号楼,216,0015490008,3
13号楼,217,0015630011,3
13号楼,218,0015630001,3
13号楼,220,0015630002,3
13号楼,222,0015630003,3
13号楼,223,0015630012,3
13号楼,224,0015630004,3
13号楼,225,0015630013,3
13号楼,226,0015630005,3
13号楼,227,0015630014,3
13号楼,228,0015630006,3
13号楼,229,0015630015,3
13号楼,230,0015630007,3
13号楼,231,0015580009,3
13号楼,232,0015630008,3
13号楼,233,0015580010,3
13号楼,234,0015630009,3
13号楼,235,0015580011,3
13号楼,236,0015580001,3
13号楼,237,0015580012,3
13号楼,238,0015580002,3
13号楼,239,0015580013,3
13号楼,240,0015580003,3
13号楼,241,0015580014,3
13号楼,242,0015580004,3
13号楼,243,0015580015,3
13号楼,244,0015580005,3
13号楼,246,0015580006,3
13号楼,248,0015580007,3
13号楼,250,0015580008,3
13号楼,301,0015680009,3
13号楼,302,0015680001,3
13号楼,303,0015680010,3
13号楼,304,0015680002,3
13号楼,305,0015680011,3
13号楼,306,0015680003,3
13号楼,307,0015680012,3
13号楼,308,0015680004,3
13号楼,309,0015680013,3
13号楼,310,0015680005,3
13号楼,311,0015680014,3
13号楼,312,0015680006,3
13号楼,313,0015680015,3
13号楼,314,0015680007,3
13号楼,315,0015210010,3
13号楼,316,0015680008,3
13号楼,317,0015210011,3
13号楼,318,0015210001,3
13号楼,320,0015210002,3
13号楼,322,0015210003,3
13号楼,324,0015210004,3
13号楼,325,0015210012,3
13号楼,326,0015210005,3
13号楼,327,0015210013,3
13号楼,328,0015210006,3
13号楼,329,0015210014,3
13号楼,330,0015210007,3
13号楼,331,0015310009,3
13号楼,332,0015210008,3
13号楼,333,0015310010,3
13号楼,334,0015210009,3
13号楼,335,0015310011,3
13号楼,336,0015310001,3
13号楼,337,0015310012,3
13号楼,338,0015310002,3
13号楼,339,0015310013,3
13号楼,340,0015310003,3
13号楼,341,0015310014,3
13号楼,342,0015310004,3
13号楼,343,0015310015,3
13号楼,344,0015310005,3
13号楼,346,0015310006,3
13号楼,348,0015310007,3
13号楼,350,0015310008,3
13号楼,401,0015370009,3
13号楼,402,0015370001,3
13号楼,403,0015370010,3
13号楼,404,0015370002,3
13号楼,405,0015370011,3
13号楼,406,0015370003,3
13号楼,407,0015370012,3
13号楼,408,0015370004,3
13号楼,409,0015370013,3
13号楼,410,0015370005,3
13号楼,411,0015370014,3
13号楼,412,0015370006,3
13号楼,413,0015370015,3
13号楼,414,0015370007,3
13号楼,415,0015410010,3
13号楼,416,0015370008,3
13号楼,417,0015410011,3
13号楼,418,0015410001,3
13号楼,420,0015410002,3
13号楼,422,0015410003,3
13号楼,423,0015410012,3
13号楼,424,0015410004,3
13号楼,425,0015410013,3
13号楼,426,0015410005,3
13号楼,427,0015410014,3
13号楼,428,0015410006,3
13号楼,429,0015410015,3
13号楼,430,0015410007,3
13号楼,431,0015610009,3
13号楼,432,0015410008,3
13号楼,433,0015610010,3
13号楼,434,0015410009,3
13号楼,435,0015610011,3
13号楼,436,0015610001,3
13号楼,437,0015610012,3
13号楼,438,0015610002,3
13号楼,439,0015610013,3
13号楼,440,0015610003,3
13号楼,441,0015610014,3
13号楼,442,0015610004,3
13号楼,443,0015610015,3
13号楼,444,0015610005,3
13号楼,446,0015610006,3
13号楼,448,0015610007,3
13号楼,450,0015610008,3
13号楼,501,0015400009,3
13号楼,502,0015400001,3
13号楼,503,0015400010,3
13号楼,504,0015400002,3
13号楼,505,0015400011,3
13号楼,506,0015400003,3
13号楼,507,0015400012,3
13号楼,508,0015400004,3
13号楼,509,0015400013,3
13号楼,510,0015400005,3
13号楼,511,0015400014,3
13号楼,512,0015400006,3
13号楼,513,0015400015,3
13号楼,514,0015400007,3
13号楼,515,0015700010,3
13号楼,516,0015400008,3
13号楼,517,0015700011,3
13号楼,518,0015700001,3
13号楼,520,0015700002,3
13号楼,522,0015700003,3
13号楼,523,0015700012,3
13号楼,524,0015700004,3
13号楼,525,0015700013,3
13号楼,526,0015700005,3
13号楼,527,0015700014,3
13号楼,528,0015700006,3
13号楼,529,0015700015,3
13号楼,530,0015700007,3
13号楼,531,0015550009,3
13号楼,532,0015700008,3
13号楼,533,0015550010,3
13号楼,534,0015700009,3
13号楼,535,0015550011,3
13号楼,536,0015550001,3
13号楼,537,0015550012,3
13号楼,538,0015550002,3
13号楼,539,0015550013,3
13号楼,540,0015550003,3
13号楼,541,0015550014,3
13号楼,542,0015550004,3
13号楼,543,0015550015,3
13号楼,544,0015550005,3
13号楼,546,0015550006,3
13号楼,548,0015550007,3
13号楼,550,0015550008,3
13号楼,601,0015540009,3
13号楼,602,0015540001,3
13号楼,603,0015540010,3
13号楼,604,0015540002,3
13号楼,605,0015540011,3
13号楼,606,0015540003,3
13号楼,607,0015540012,3
13号楼,608,0015540004,3
13号楼,609,0015540013,3
13号楼,610,0015540005,3
13号楼,611,0015540014,3
13号楼,612,0015540006,3
13号楼,613,0015540015,3
13号楼,614,0015540007,3
13号楼,615,0015280010,3
13号楼,616,0015540008,3
13号楼,617,0015280011,3
13号楼,618,0015280001,3
13号楼,620,0015280002,3
13号楼,622,0015280003,3
13号楼,623,0015280012,3
13号楼,624,0015280004,3
13号楼,625,0015280013,3
13号楼,626,0015280005,3
13号楼,627,0015280014,3
13号楼,628,0015280006,3
13号楼,629,0015280015,3
13号楼,630,0015280007,3
13号楼,631,0015570009,3
13号楼,632,0015280008,3
13号楼,633,0015570010,3
13号楼,634,0015280009,3
13号楼,635,0015570011,3
13号楼,636,0015570001,3
13号楼,637,0015570012,3
13号楼,638,0015570002,3
13号楼,639,0015570013,3
13号楼,640,0015570003,3
13号楼,641,0015570014,3
13号楼,642,0015570004,3
13号楼,643,0015570015,3
13号楼,644,0015570005,3
13号楼,646,0015570006,3
13号楼,648,0015570007,3
13号楼,650,0015570008,3
14号楼,101,0015220009,3
14号楼,102,0015220001,3
14号楼,103,0015220010,3
14号楼,104,0015220002,3
14号楼,105,0015220011,3
14号楼,106,0015220003,3
14号楼,107,0015220012,3
14号楼,108,0015220004,3
14号楼,109,0015220013,3
14号楼,110,0015220005,3
14号楼,111,0015220014,3
14号楼,112,0015220006,3
14号楼,113,0015220015,3
14号楼,114,0015220007,3
14号楼,116,0015220008,3
14号楼,118,0015190004,3
14号楼,120,0015190005,3
14号楼,121,0015190003,3
14号楼,122,0015190006,3
14号楼,123,0015190002,3
14号楼,125,0015190001,3
14号楼,126,0015190009,3
14号楼,127,0015330009,3
14号楼,128,0015190007,3
14号楼,129,0015330010,3
14号楼,130,0015190008,3
14号楼,131,0015330011,3
14号楼,132,0015330001,3
14号楼,133,0015330012,3
14号楼,134,0015330002,3
14号楼,135,0015330013,3
14号楼,136,0015330003,3
14号楼,137,0015330014,3
14号楼,138,0015330004,3
14号楼,139,0015330015,3
14号楼,140,0015330005,3
14号楼,142,0015330006,3
14号楼,144,0015330007,3
14号楼,146,0015330008,3
14号楼,201,0015600009,3
14号楼,202,0015600001,3
14号楼,203,0015600010,3
14号楼,204,0015600002,3
14号楼,205,0015600011,3
14号楼,206,0015600003,3
14号楼,207,0015600012,3
14号楼,208,0015600004,3
14号楼,209,0015600013,3
14号楼,210,0015600005,3
14号楼,211,0015600014,3
14号楼,212,0015600006,3
14号楼,213,0015600015,3
14号楼,214,0015600007,3
14号楼,215,0015260008,3
14号楼,216,0015600008,3
14号楼,218,0015260001,3
14号楼,219,0015260009,3
14号楼,220,0015260002,3
14号楼,221,0015260010,3
14号楼,222,0015260003,3
14号楼,223,0015260011,3
14号楼,225,0015260012,3
14号楼,226,0015260004,3
14号楼,227,0015260013,3
14号楼,228,0015260005,3
14号楼,229,0015260014,3
14号楼,230,0015260006,3
14号楼,231,0015260015,3
14号楼,232,0015260007,3
14号楼,233,0015620009,3
14号楼,234,0015620001,3
14号楼,235,0015620010,3
14号楼,236,0015620002,3
14号楼,237,0015620011,3
14号楼,238,0015620003,3
14号楼,239,0015620012,3
14号楼,240,0015620004,3
14号楼,241,0015620013,3
14号楼,242,0015620005,3
14号楼,243,0015620014,3
14号楼,244,0015620006,3
14号楼,245,0015620015,3
14号楼,246,0015620007,3
14号楼,248,0015620008,3
14号楼,301,0015450009,3
14号楼,302,0015450001,3
14号楼,303,0015450010,3
14号楼,304,0015450002,3
14号楼,305,0015450011,3
14号楼,306,0015450003,3
14号楼,307,0015450012,3
14号楼,308,0015450004,3
14号楼,309,0015450013,3
14号楼,310,0015450005,3
14号楼,311,0015450014,3
14号楼,312,0015450006,3
14号楼,313,0015450015,3
14号楼,314,0015450007,3
14号楼,315,0015180008,3
14号楼,316,0015450008,3
14号楼,318,0015180001,3
14号楼,319,0015180009,3
14号楼,320,0015180002,3
14号楼,321,0015180010,3
14号楼,322,0015180003,3
14号楼,323,0015180011,3
14号楼,326,0015180004,3
14号楼,327,0015180012,3
14号楼,328,0015180005,3
14号楼,329,0015180013,3
14号楼,330,0015180006,3
14号楼,331,0015180014,3
14号楼,332,0015180007,3
14号楼,333,0015390009,3
14号楼,334,0015390001,3
14号楼,335,0015390010,3
14号楼,336,0015390002,3
14号楼,337,0015390011,3
14号楼,338,0015390003,3
14号楼,339,0015390012,3
14号楼,340,0015390004,3
14号楼,341,0015390013,3
14号楼,342,0015390005,3
14号楼,343,0015390014,3
14号楼,344,0015390006,3
14号楼,345,0015390015,3
14号楼,346,0015390007,3
14号楼,348,0015390008,3
14号楼,401,14401,2
14号楼,402,14402,2
14号楼,403,14403,2
14号楼,404,14404,2
14号楼,405,14405,2
14号楼,406,14406,2
14号楼,407,14407,2
14号楼,408,14408,2
14号楼,409,14409,2
14号楼,410,14410,2
14号楼,411,14411,2
14号楼,412,14412,2
14号楼,413,14413,2
14号楼,414,14414,2
14号楼,415,0015560008,3
14号楼,416,14416,2
14号楼,418,0015560001,3
14号楼,419,0015560009,3
14号楼,420,0015560002,3
14号楼,421,0015560010,3
14号楼,422,0015560003,3
14号楼,423,0015560011,3
14号楼,425,0015560012,3
14号楼,426,0015560004,3
14号楼,427,0015560013,3
14号楼,428,0015560005,3
14号楼,429,0015560014,3
14号楼,430,0015560006,3
14号楼,431,0015560015,3
14号楼,432,0015560007,3
14号楼,433,0015250009,3
14号楼,434,0015250001,3
14号楼,435,0015250010,3
14号楼,436,0015250002,3
14号楼,437,0015250011,3
14号楼,438,0015250003,3
14号楼,439,0015250012,3
14号楼,440,0015250004,3
14号楼,441,0015250013,3
14号楼,442,0015250005,3
14号楼,443,0015250014,3
14号楼,444,0015250006,3
14号楼,445,0015250015,3
14号楼,446,0015250007,3
14号楼,448,0015250008,3
14号楼,501,0015380009,3
14号楼,502,0015380001,3
14号楼,503,0015380010,3
14号楼,504,0015380002,3
14号楼,505,0015380011,3
14号楼,506,0015380003,3
14号楼,507,0015380012,3
14号楼,508,0015380004,3
14号楼,509,0015380013,3
14号楼,510,0015380005,3
14号楼,511,0015380014,3
14号楼,512,0015380006,3
14号楼,513,0015380015,3
14号楼,514,0015380007,3
14号楼,515,0015670008,3
14号楼,516,0015380008,3
14号楼,518,0015670001,3
14号楼,519,0015670009,3
14号楼,520,0015670002,3
14号楼,521,0015670010,3
14号楼,522,0015670003,3
14号楼,523,0015670011,3
14号楼,525,0015670012,3
14号楼,526,0015670004,3
14号楼,527,0015670013,3
14号楼,528,0015670005,3
14号楼,529,0015670014,3
14号楼,530,0015670006,3
14号楼,531,0015670015,3
14号楼,532,0015670007,3
14号楼,533,14533,2
14号楼,534,14534,2
14号楼,535,14535,2
14号楼,536,14536,2
14号楼,537,14537,2
14号楼,538,14538,2
14号楼,539,14539,2
14号楼,540,14540,2
14号楼,541,14541,2
14号楼,542,14542,2
14号楼,543,14543,2
14号楼,544,14544,2
14号楼,545,14545,2
14号楼,546,14546,2
14号楼,548,14548,2
14号楼,601,14601,2
14号楼,602,14602,2
14号楼,603,14603,2
14号楼,604,14604,2
14号楼,605,14605,2
14号楼,606,14606,2
14号楼,607,14607,2
14号楼,608,14608,2
14号楼,609,14609,2
14号楼,610,14610,2
14号楼,611,14611,2
14号楼,612,14612,2
14号楼,613,14613,2
14号楼,614,14614,2
14号楼,615,0015500008,3
14号楼,616,14616,2
14号楼,618,0015500001,3
14号楼,619,0015500009,3
14号楼,620,0015500002,3
14号楼,621,0015500010,3
14号楼,622,0015500003,3
14号楼,623,0015500011,3
14号楼,625,0015500012,3
14号楼,626,0015500004,3
14号楼,627,0015500013,3
14号楼,628,0015500005,3
14号楼,629,0015500014,3
14号楼,630,0015500006,3
14号楼,631,0015500015,3
14号楼,632,0015500007,3
14号楼,633,0015340009,3
14号楼,634,0015340001,3
14号楼,635,0015340010,3
14号楼,636,0015340002,3
14号楼,637,0015340011,3
14号楼,638,0015340003,3
14号楼,639,0015340012,3
14号楼,640,0015340004,3
14号楼,641,0015340013,3
14号楼,642,0015340005,3
14号楼,643,0015340014,3
14号楼,644,0015340006,3
14号楼,645,0015340015,3
14号楼,646,0015340007,3
14号楼,648,0015340008,3
15号楼,101,0002460001,3
15号楼,102,0002460007,3
15号楼,103,0002460002,3
15号楼,104,0002460008,3
15号楼,105,0002460003,3
15号楼,106,0002460009,3
15号楼,107,0002460004,3
15号楼,108,0002460010,3
15号楼,109,0002460005,3
15号楼,110,0002460011,3
15号楼,111,0002460006,3
15号楼,112,0002460012,3
15号楼,113,0002480010,3
15号楼,114,0002460013,3
15号楼,115,0002480011,3
15号楼,116,0002460014,3
15号楼,117,0002480012,3
15号楼,118,0002480001,3
15号楼,120,0002480002,3
15号楼,122,0002480003,3
15号楼,124,0002480004,3
15号楼,127,0002480013,3
15号楼,128,0002480005,3
15号楼,129,0002480014,3
15号楼,130,0002480006,3
15号楼,131,0002480015,3
15号楼,132,0002480007,3
15号楼,133,0002500015,3
15号楼,134,0002500008,3
15号楼,135,0002500014,3
15号楼,136,0002500007,3
15号楼,137,0002500013,3
15号楼,138,0002500006,3
15号楼,139,0002500012,3
15号楼,140,0002500005,3
15号楼,141,0002500011,3
15号楼,142,0002500004,3
15号楼,143,0002500010,3
15号楼,144,0002500003,3
15号楼,145,0002500009,3
15号楼,146,0002500002,3
15号楼,148,0002500001,3
15号楼,201,0002560001,3
15号楼,202,0002560010,3
15号楼,203,0002560002,3
15号楼,204,0002560011,3
15号楼,205,0002560003,3
15号楼,206,0002560012,3
15号楼,207,0002560004,3
15号楼,208,0002560013,3
15号楼,209,0002560005,3
15号楼,210,0002560014,3
15号楼,211,0002560006,3
15号楼,212,0002560015,3
15号楼,213,0002560007,3
15号楼,214,0002560016,3
15号楼,215,0002560008,3
15号楼,216,0002560017,3
15号楼,217,0002560009,3
15号楼,218,0002560018,3
15号楼,219,0002260010,3
15号楼,220,0002560019,3
15号楼,222,0002260001,3
15号楼,224,0002260002,3
15号楼,226,0002260003,3
15号楼,227,0002260011,3
15号楼,228,0002260004,3
15号楼,229,0002260012,3
15号楼,230,0002260005,3
15号楼,231,0002540013,3
15号楼,232,0002260006,3
15号楼,233,0002540014,3
15号楼,234,0002260007,3
15号楼,235,0002540015,3
15号楼,236,0002540001,3
15号楼,237,0002540016,3
15号楼,238,0002540002,3
15号楼,239,0002540017,3
15号楼,240,0002540003,3
15号楼,241,0002540018,3
15号楼,242,0002540004,3
15号楼,243,0002540019,3
15号楼,244,0002540005,3
15号楼,245,0002540020,3
15号楼,246,0002540006,3
15号楼,247,0002540021,3
15号楼,248,0002540007,3
15号楼,250,0002540008,3
15号楼,252,0002540009,3
15号楼,254,0002540010,3
15号楼,301,0002770001,3
15号楼,302,0002770010,3
15号楼,303,0002770002,3
15号楼,304,0002770011,3
15号楼,305,0002770003,3
15号楼,306,0002770012,3
15号楼,307,0002770004,3
15号楼,308,0002770013,3
15号楼,309,0002770005,3
15号楼,310,0002770014,3
15号楼,311,0002770006,3
15号楼,312,0002770015,3
15号楼,313,0002770007,3
15号楼,314,0002770016,3
15号楼,315,0002770008,3
15号楼,316,0002770017,3
15号楼,317,0002770009,3
15号楼,318,0002770018,3
15号楼,319,0002130001,3
15号楼,320,0002770019,3
15号楼,322,0002130004,3
15号楼,324,0002130005,3
15号楼,326,0002130006,3
15号楼,328,0002130007,3
15号楼,329,0002130002,3
15号楼,330,0002130008,3
15号楼,331,0002610001,3
15号楼,332,0002130009,3
15号楼,333,0002610002,3
15号楼,334,0002130010,3
15号楼,335,0002610003,3
15号楼,336,0002610010,3
15号楼,337,0002610004,3
15号楼,338,0002610011,3
15号楼,339,0002610005,3
15号楼,340,0002610012,3
15号楼,341,0002610006,3
15号楼,342,0002610013,3
15号楼,343,0002610007,3
15号楼,344,0002610014,3
15号楼,345,0002610008,3
15号楼,346,0002610015,3
15号楼,347,0002610009,3
15号楼,348,0002610016,3
15号楼,350,0002610017,3
15号楼,352,0002610018,3
15号楼,354,0002610019,3
15号楼,401,0002570001,3
15号楼,402,0002570010,3
15号楼,403,0002570002,3
15号楼,404,0002570011,3
15号楼,405,0002570003,3
15号楼,406,0002570012,3
15号楼,407,0002570004,3
15号楼,408,0002570013,3
15号楼,409,0002570005,3
15号楼,410,0002570014,3
15号楼,411,0002570006,3
15号楼,412,0002570015,3
15号楼,413,0002570007,3
15号楼,414,0002570016,3
15号楼,415,0002570008,3
15号楼,416,0002570017,3
15号楼,417,0002570009,3
15号楼,418,0002570018,3
15号楼,419,0002900002,3
15号楼,420,0002570019,3
15号楼,422,0002900001,3
15号楼,424,0002900010,3
15号楼,426,0002900003,3
15号楼,427,0002900011,3
15号楼,428,0002900004,3
15号楼,429,0002900012,3
15号楼,430,0002900005,3
15号楼,431,0002650013,3
15号楼,432,0002900006,3
15号楼,433,0002650014,3
15号楼,434,0002900007,3
15号楼,435,0002650015,3
15号楼,436,0002650001,3
15号楼,437,0002650016,3
15号楼,438,0002650002,3
15号楼,439,0002650017,3
15号楼,440,0002650003,3
15号楼,441,0002650018,3
15号楼,442,0002650004,3
15号楼,443,0002650019,3
15号楼,444,0002650005,3
15号楼,445,0002650020,3
15号楼,446,0002650006,3
15号楼,447,0002650021,3
15号楼,448,0002650007,3
15号楼,450,0002650008,3
15号楼,452,0002650009,3
15号楼,454,0002650010,3
15号楼,501,0002690001,3
15号楼,502,0002690010,3
15号楼,503,0002690002,3
15号楼,504,0002690011,3
15号楼,505,0002690003,3
15号楼,506,0002690012,3
15号楼,507,0002690004,3
15号楼,508,0002690013,3
15号楼,509,0002690005,3
15号楼,510,0002690014,3
15号楼,511,0002690006,3
15号楼,512,0002690015,3
15号楼,513,0002690007,3
15号楼,514,0002690016,3
15号楼,515,0002690008,3
15号楼,516,0002690017,3
15号楼,517,0002690009,3
15号楼,518,0002690018,3
15号楼,519,0002210001,3
15号楼,520,0002690019,3
15号楼,522,0002210004,3
15号楼,524,0002210005,3
15号楼,526,0002210006,3
15号楼,527,0002210002,3
15号楼,528,0002210007,3
15号楼,529,0002210003,3
15号楼,530,0002210008,3
15号楼,531,0002760013,3
15号楼,532,0002210009,3
15号楼,533,0002760014,3
15号楼,534,0002210010,3
15号楼,535,0002760015,3
15号楼,536,0002760001,3
15号楼,537,0002760016,3
15号楼,538,0002760002,3
15号楼,539,0002760017,3
15号楼,540,0002760003,3
15号楼,541,0002760018,3
15号楼,542,0002760004,3
15号楼,543,0002760019,3
15号楼,544,0002760005,3
15号楼,545,0002760020,3
15号楼,546,0002760006,3
15号楼,547,0002760021,3
15号楼,548,0002760007,3
15号楼,550,0002760008,3
15号楼,552,0002760009,3
15号楼,554,0002760010,3
15号楼,601,0002580001,3
15号楼,602,0002580010,3
15号楼,603,0002580002,3
15号楼,604,0002580011,3
15号楼,605,0002580003,3
15号楼,606,0002580012,3
15号楼,607,0002580004,3
15号楼,608,0002580013,3
15号楼,609,0002580005,3
15号楼,610,0002580014,3
15号楼,611,0002580006,3
15号楼,612,0002580015,3
15号楼,613,0002580007,3
15号楼,614,0002580016,3
15号楼,615,0002580008,3
15号楼,616,0002580017,3
15号楼,617,0002580009,3
15号楼,618,0002580018,3
15号楼,619,0002140010,3
15号楼,620,0002580019,3
15号楼,622,0002140001,3
15号楼,624,0002140002,3
15号楼,626,0002140003,3
15号楼,627,0002140011,3
15号楼,628,0002140004,3
15号楼,629,0002140012,3
15号楼,630,0002140005,3
15号楼,631,0002680013,3
15号楼,632,0002140006,3
15号楼,633,0002680014,3
15号楼,634,0002140007,3
15号楼,635,0002680015,3
15号楼,636,0002680001,3
15号楼,637,0002680016,3
15号楼,638,0002680002,3
15号楼,639,0002680017,3
15号楼,640,0002680003,3
15号楼,641,0002680018,3
15号楼,642,0002680004,3
15号楼,643,0002680019,3
15号楼,644,0002680005,3
15号楼,645,0002680020,3
15号楼,646,0002680006,3
15号楼,647,0002680021,3
15号楼,648,0002680007,3
15号楼,650,0002680008,3
15号楼,652,0002680009,3
15号楼,654,0002680010,3
16号楼,101,0002430001,3
16号楼,102,0002430007,3
16号楼,103,0002430002,3
16号楼,104,0002430008,3
16号楼,105,0002430003,3
16号楼,106,0002430009,3
16号楼,107,0002430004,3
16号楼,108,0002430010,3
16号楼,109,0002430005,3
16号楼,110,0002430011,3
16号楼,111,0002430006,3
16号楼,112,0002430012,3
16号楼,113,0002440006,3
16号楼,114,0002430013,3
16号楼,115,0002440005,3
16号楼,116,0002430014,3
16号楼,117,0002440004,3
16号楼,118,0002440013,3
16号楼,120,0002440012,3
16号楼,122,0002440011,3
16号楼,124,0002440010,3
16号楼,125,0002440003,3
16号楼,127,0002440002,3
16号楼,129,0002440001,3
16号楼,130,0002440009,3
16号楼,131,0002490007,3
16号楼,132,0002440008,3
16号楼,133,0002490006,3
16号楼,134,0002440007,3
16号楼,135,0002490005,3
16号楼,136,0002490015,3
16号楼,137,0002490004,3
16号楼,138,0002490014,3
16号楼,139,0002490003,3
16号楼,140,0002490013,3
16号楼,141,0002490002,3
16号楼,142,0002490012,3
16号楼,143,0002490001,3
16号楼,144,0002490011,3
16号楼,146,0002490010,3
16号楼,148,0002490009,3
16号楼,150,0002490008,3
16号楼,201,0002590001,3
16号楼,202,0002590010,3
16号楼,203,0002590002,3
16号楼,204,0002590011,3
16号楼,205,0002590003,3
16号楼,206,0002590012,3
16号楼,207,0002590004,3
16号楼,208,0002590013,3
16号楼,209,0002590005,3
16号楼,210,0002590014,3
16号楼,211,0002590006,3
16号楼,212,0002590015,3
16号楼,213,0002590007,3
16号楼,214,0002590016,3
16号楼,215,0002590008,3
16号楼,216,0002590017,3
16号楼,217,0002590009,3
16号楼,218,0002590018,3
16号楼,219,0002110001,3
16号楼,220,0002590019,3
16号楼,222,0002110007,3
16号楼,223,0002110002,3
16号楼,224,0002110008,3
16号楼,225,0002110003,3
16号楼,227,0002110004,3
16号楼,229,0002110005,3
16号楼,230,0002110009,3
16号楼,231,0002110006,3
16号楼,232,0002110010,3
16号楼,233,0002750013,3
16号楼,234,0002750001,3
16号楼,235,0002750014,3
16号楼,236,0002750002,3
16号楼,237,0002750015,3
16号楼,238,0002750003,3
16号楼,239,0002750016,3
16号楼,240,0002750004,3
16号楼,241,0002750017,3
16号楼,242,0002750005,3
16号楼,243,0002750018,3
16号楼,244,0002750006,3
16号楼,245,0002750019,3
16号楼,246,0002750007,3
16号楼,247,0002750020,3
16号楼,248,0002750008,3
16号楼,249,0002750021,3
16号楼,250,0002750009,3
16号楼,252,0002750010,3
16号楼,301,0002550001,3
16号楼,302,0002550010,3
16号楼,303,0002550002,3
16号楼,304,0002550011,3
16号楼,305,0002550003,3
16号楼,306,0002550012,3
16号楼,307,0002550004,3
16号楼,308,0002550013,3
16号楼,309,0002550005,3
16号楼,310,0002550014,3
16号楼,311,0002550006,3
16号楼,312,0002550015,3
16号楼,313,0002550007,3
16号楼,314,0002550016,3
16号楼,315,0002550008,3
16号楼,316,0002550017,3
16号楼,317,0002550009,3
16号楼,318,0002550018,3
16号楼,319,0002250001,3
16号楼,320,0002550019,3
16号楼,322,0002250010,3
16号楼,323,0002250002,3
16号楼,324,0002250011,3
16号楼,325,0002250003,3
16号楼,327,0002250004,3
16号楼,329,0002250005,3
16号楼,331,0002250006,3
16号楼,332,0002250012,3
16号楼,333,0002800013,3
16号楼,334,0002800001,3
16号楼,335,0002800014,3
16号楼,336,0002800002,3
16号楼,337,0002800015,3
16号楼,338,0002800003,3
16号楼,339,0002800016,3
16号楼,340,0002800004,3
16号楼,341,0002800017,3
16号楼,342,0002800005,3
16号楼,343,0002800018,3
16号楼,344,0002800006,3
16号楼,345,0002800019,3
16号楼,346,0002800007,3
16号楼,347,0002800020,3
16号楼,348,0002800008,3
16号楼,349,0002800021,3
16号楼,350,0002800009,3
16号楼,352,0002800010,3
16号楼,401,0002710001,3
16号楼,402,0002710010,3
16号楼,403,0002710002,3
16号楼,404,0002710011,3
16号楼,405,0002710003,3
16号楼,406,0002710012,3
16号楼,407,0002710004,3
16号楼,408,0002710013,3
16号楼,409,0002710005,3
16号楼,410,0002710014,3
16号楼,411,0002710006,3
16号楼,412,0002710015,3
16号楼,413,0002710007,3
16号楼,414,0002710016,3
16号楼,415,0002710008,3
16号楼,416,0002710017,3
16号楼,417,0002710009,3
16号楼,418,0002710018,3
16号楼,419,0002150001,3
16号楼,420,0002710019,3
16号楼,422,0002150007,3
16号楼,423,0002150002,3
16号楼,424,0002150008,3
16号楼,425,0002150003,3
16号楼,427,0002150004,3
16号楼,429,0002150005,3
16号楼,430,0002150009,3
16号楼,431,0002150006,3
16号楼,432,0002150010,3
16号楼,433,0002670021,3
16号楼,434,0002670010,3
16号楼,435,0002670020,3
16号楼,436,0002670009,3
16号楼,437,0002670019,3
16号楼,438,0002670008,3
16号楼,439,0002670018,3
16号楼,440,0002670007,3
16号楼,441,0002670017,3
16号楼,442,0002670006,3
16号楼,443,0002670016,3
16号楼,444,0002670005,3
16号楼,445,0002670015,3
16号楼,446,0002670004,3
16号楼,447,0002670014,3
16号楼,448,0002670003,3
16号楼,449,0002670013,3
16号楼,450,0002670002,3
16号楼,452,0002670001,3
16号楼,501,0002630001,3
16号楼,502,0002630010,3
16号楼,503,0002630002,3
16号楼,504,0002630011,3
16号楼,505,0002630003,3
16号楼,506,0002630012,3
16号楼,507,0002630004,3
16号楼,508,0002630013,3
16号楼,509,0002630005,3
16号楼,510,0002630014,3
16号楼,511,0002630006,3
16号楼,512,0002630015,3
16号楼,513,0002630007,3
16号楼,514,0002630016,3
16号楼,515,0002630008,3
16号楼,516,0002630017,3
16号楼,517,0002630009,3
16号楼,518,0002630018,3
16号楼,519,0002120001,3
16号楼,520,0002630019,3
16号楼,522,0002120007,3
16号楼,523,0002120002,3
16号楼,524,0002120008,3
16号楼,525,0002120003,3
16号楼,527,0002120004,3
16号楼,529,0002120005,3
16号楼,530,0002120009,3
16号楼,531,0002120006,3
16号楼,532,0002120010,3
16号楼,533,0002660013,3
16号楼,534,0002660001,3
16号楼,535,0002660014,3
16号楼,536,0002660002,3
16号楼,537,0002660015,3
16号楼,538,0002660003,3
16号楼,539,0002660016,3
16号楼,540,0002660004,3
16号楼,541,0002660017,3
16号楼,542,0002660005,3
16号楼,543,0002660018,3
16号楼,544,0002660006,3
16号楼,545,0002660019,3
16号楼,546,0002660007,3
16号楼,547,0002660020,3
16号楼,548,0002660008,3
16号楼,549,0002660021,3
16号楼,550,0002660009,3
16号楼,552,0002660010,3
16号楼,601,0002620001,3
16号楼,602,0002620010,3
16号楼,603,0002620002,3
16号楼,604,0002620011,3
16号楼,605,0002620003,3
16号楼,606,0002620012,3
16号楼,607,0002620004,3
16号楼,608,0002620013,3
16号楼,609,0002620005,3
16号楼,610,0002620014,3
16号楼,611,0002620006,3
16号楼,612,0002620015,3
16号楼,613,0002620007,3
16号楼,614,0002620016,3
16号楼,615,0002620008,3
16号楼,616,0002620017,3
16号楼,617,0002620009,3
16号楼,618,0002620018,3
16号楼,619,0002190001,3
16号楼,620,0002620019,3
16号楼,622,0002190007,3
16号楼,623,0002190002,3
16号楼,624,0002190008,3
16号楼,625,0002190003,3
16号楼,627,0002190004,3
16号楼,629,0002190005,3
16号楼,630,0002190009,3
16号楼,631,0002190006,3
16号楼,632,0002190010,3
16号楼,633,0002520021,3
16号楼,634,0002520010,3
16号楼,635,0002520020,3
16号楼,636,0002520009,3
16号楼,637,0002520019,3
16号楼,638,0002520008,3
16号楼,639,0002520018,3
16号楼,640,0002520007,3
16号楼,641,0002520017,3
16号楼,642,0002520006,3
16号楼,643,0002520016,3
16号楼,644,0002520005,3
16号楼,645,0002520015,3
16号楼,646,0002520004,3
16号楼,647,0002520014,3
16号楼,648,0002520003,3
16号楼,649,0002520013,3
16号楼,650,0002520002,3
16号楼,652,0002520001,3
17号楼,102,0002470001,3
17号楼,102,0002470009,3
17号楼,103,0002470010,3
17号楼,104,0002470002,3
17号楼,105,0002470011,3
17号楼,106,0002470003,3
17号楼,107,0002470012,3
17号楼,108,0002470004,3
17号楼,109,0002470013,3
17号楼,110,0002470005,3
17号楼,111,0002470014,3
17号楼,112,0002470006,3
17号楼,113,0002450013,3
17号楼,114,0002470007,3
17号楼,115,0002450012,3
17号楼,116,0002470008,3
17号楼,117,0002450011,3
17号楼,118,0002450007,3
17号楼,120,0002450006,3
17号楼,122,0002450005,3
17号楼,124,0002450004,3
17号楼,125,0002450010,3
17号楼,127,0002450009,3
17号楼,129,0002450008,3
17号楼,130,0002450003,3
17号楼,131,0002510002,3
17号楼,132,0002450002,3
17号楼,133,0002510004,3
17号楼,134,0002450001,3
17号楼,135,0002510006,3
17号楼,136,0002510001,3
17号楼,137,0002510008,3
17号楼,138,0002510003,3
17号楼,139,0002510011,3
17号楼,140,0002510005,3
17号楼,141,0002510012,3
17号楼,142,0002510007,3
17号楼,143,0002510014,3
17号楼,144,0002510009,3
17号楼,146,0002510010,3
17号楼,148,0002510013,3
17号楼,150,0002510015,3
17号楼,201,0002700011,3
17号楼,202,0002700001,3
17号楼,203,0002700012,3
17号楼,204,0002700002,3
17号楼,205,0002700013,3
17号楼,206,0002700003,3
17号楼,207,0002700014,3
17号楼,208,0002700004,3
17号楼,209,0002700015,3
17号楼,210,0002700005,3
17号楼,211,0002700016,3
17号楼,212,0002700006,3
17号楼,213,0002700017,3
17号楼,214,0002700007,3
17号楼,215,0002700018,3
17号楼,216,0002700008,3
17号楼,217,0002700019,3
17号楼,218,0002700009,3
17号楼,219,0002200010,3
17号楼,220,0002700010,3
17号楼,222,0002200004,3
17号楼,223,0002200009,3
17号楼,224,0002200003,3
17号楼,225,0002200007,3
17号楼,227,0002200008,3
17号楼,229,0002200006,3
17号楼,230,0002200002,3
17号楼,231,0002200005,3
17号楼,232,0002200001,3
17号楼,233,0002530014,3
17号楼,234,0002530019,3
17号楼,235,0002530016,3
17号楼,236,0002530017,3
17号楼,237,0002530015,3
17号楼,238,0002530018,3
17号楼,239,0002530012,3
17号楼,240,0002530013,3
17号楼,241,0002530010,3
17号楼,242,0002530011,3
17号楼,243,0002530008,3
17号楼,244,0002530009,3
17号楼,245,0002530005,3
17号楼,246,0002530007,3
17号楼,247,0002530002,3
17号楼,248,0002530006,3
17号楼,249,0002530004,3
17号楼,250,0002530003,3
17号楼,252,0002530001,3
17号楼,301,0002640011,3
17号楼,302,0002640001,3
17号楼,303,0002640012,3
17号楼,304,0002640002,3
17号楼,305,0002640013,3
17号楼,306,0002640003,3
17号楼,307,0002640014,3
17号楼,308,0002640004,3
17号楼,309,0002640015,3
17号楼,310,0002640005,3
17号楼,311,0002640016,3
17号楼,312,0002640006,3
17号楼,313,0002640017,3
17号楼,314,0002640007,3
17号楼,315,0002640018,3
17号楼,316,0002640008,3
17号楼,317,0002640019,3
17号楼,318,0002640009,3
17号楼,319,0002230009,3
17号楼,320,0002640010,3
17号楼,322,0002230003,3
17号楼,323,0002230008,3
17号楼,324,0002230002,3
17号楼,325,0002230007,3
17号楼,327,0002230006,3
17号楼,329,0002230005,3
17号楼,331,0002230004,3
17号楼,332,0002230001,3
17号楼,333,0002740018,3
17号楼,334,0002740019,3
17号楼,335,0002740016,3
17号楼,336,0002740017,3
17号楼,337,0002740014,3
17号楼,338,0002740015,3
17号楼,339,0002740012,3
17号楼,340,0002740013,3
17号楼,341,0002740010,3
17号楼,342,0002740011,3
17号楼,343,0002740008,3
17号楼,344,0002740009,3
17号楼,345,0002740005,3
17号楼,346,0002740007,3
17号楼,347,0002740004,3
17号楼,348,0002740006,3
17号楼,349,0002740002,3
17号楼,350,0002740003,3
17号楼,352,0002740001,3
17号楼,401,0002720011,3
17号楼,402,0002720001,3
17号楼,403,0002720012,3
17号楼,404,0002720002,3
17号楼,405,0002720013,3
17号楼,406,0002720003,3
17号楼,407,0002720014,3
17号楼,408,0002720004,3
17号楼,409,0002720015,3
17号楼,410,0002720005,3
17号楼,411,0002720016,3
17号楼,412,0002720006,3
17号楼,413,0002720017,3
17号楼,414,0002720007,3
17号楼,415,0002720010,3
17号楼,416,0002720008,3
17号楼,417,0002720018,3
17号楼,418,0002720009,3
17号楼,419,0002170010,3
17号楼,420,0002720019,3
17号楼,422,0002170004,3
17号楼,423,0002170009,3
17号楼,424,0002170003,3
17号楼,425,0002170008,3
17号楼,427,0002170007,3
17号楼,428,0002170002,3
17号楼,429,0002170006,3
17号楼,431,0002170005,3
17号楼,432,0002170001,3
17号楼,433,0002810019,3
17号楼,434,0002810010,3
17号楼,435,0002810017,3
17号楼,436,0002810009,3
17号楼,437,0002810018,3
17号楼,438,0002810008,3
17号楼,439,0002810016,3
17号楼,440,0002810007,3
17号楼,441,0002810015,3
17号楼,442,0002810006,3
17号楼,443,0002810014,3
17号楼,444,0002810005,3
17号楼,445,0002810013,3
17号楼,446,0002810004,3
17号楼,447,0002810012,3
17号楼,448,0002810003,3
17号楼,449,0002810011,3
17号楼,450,0002810002,3
17号楼,452,0002810001,3
17号楼,501,0002790011,3
17号楼,502,0002790001,3
17号楼,503,0002790012,3
17号楼,504,0002790002,3
17号楼,505,0002790013,3
17号楼,506,0002790003,3
17号楼,507,0002790014,3
17号楼,508,0002790004,3
17号楼,509,0002790015,3
17号楼,510,0002790005,3
17号楼,511,0002790016,3
17号楼,512,0002790006,3
17号楼,513,0002790017,3
17号楼,514,0002790007,3
17号楼,515,0002790018,3
17号楼,516,0002790008,3
17号楼,517,0002790019,3
17号楼,518,0002790009,3
17号楼,519,0002220010,3
17号楼,520,0002790010,3
17号楼,522,0002220004,3
17号楼,523,0002220009,3
17号楼,524,0002220003,3
17号楼,525,0002220008,3
17号楼,527,0002220007,3
17号楼,529,0002220006,3
17号楼,530,0002220002,3
17号楼,531,0002220005,3
17号楼,532,0002220001,3
17号楼,533,0002730018,3
17号楼,534,0002730019,3
17号楼,535,0002730015,3
17号楼,536,0002730017,3
17号楼,537,0002730014,3
17号楼,538,0002730016,3
17号楼,539,0002730012,3
17号楼,540,0002730013,3
17号楼,541,0002730010,3
17号楼,542,0002730011,3
17号楼,543,0002730008,3
17号楼,544,0002730009,3
17号楼,545,0002730006,3
17号楼,546,0002730007,3
17号楼,547,0002730004,3
17号楼,548,0002730005,3
17号楼,549,0002730002,3
17号楼,550,0002730003,3
17号楼,552,0002730001,3
17号楼,601,0002780011,3
17号楼,602,0002780001,3
17号楼,603,0002780012,3
17号楼,604,0002780002,3
17号楼,605,0002780013,3
17号楼,606,0002780003,3
17号楼,607,0002780014,3
17号楼,608,0002780004,3
17号楼,609,0002780015,3
17号楼,610,0002780005,3
17号楼,611,0002780016,3
17号楼,612,0002780006,3
17号楼,613,0002780017,3
17号楼,614,0002780007,3
17号楼,615,0002780018,3
17号楼,616,0002780008,3
17号楼,617,0002780019,3
17号楼,618,0002780009,3
17号楼,619,0002180010,3
17号楼,620,0002780010,3
17号楼,622,0002180004,3
17号楼,623,0002180009,3
17号楼,624,0002180003,3
17号楼,625,0002180008,3
17号楼,627,0002180007,3
17号楼,629,0002180006,3
17号楼,630,0002180002,3
17号楼,631,0002180005,3
17号楼,632,0002180001,3
17号楼,633,0002600018,3
17号楼,634,0002600019,3
17号楼,635,0002600016,3
17号楼,636,0002600017,3
17号楼,637,0002600014,3
17号楼,638,0002600015,3
17号楼,639,0002600012,3
17号楼,640,0002600013,3
17号楼,641,0002600010,3
17号楼,642,0002600011,3
17号楼,643,0002600008,3
17号楼,644,0002600009,3
17号楼,645,0002600006,3
17号楼,646,0002600007,3
17号楼,647,0002600004,3
17号楼,648,0002600005,3
17号楼,649,0002600002,3
17号楼,650,0002600003,3
17号楼,652,0002600001,3
18号楼,101,0002240006,3
18号楼,102,0002240001,3
18号楼,103,0002240007,3
18号楼,104,0002240002,3
18号楼,105,0002240008,3
18号楼,106,0002240003,3
18号楼,107,0002240009,3
18号楼,108,0002240004,3
18号楼,109,0002240010,3
18号楼,110,0002240005,3
18号楼,112,0002100001,3
18号楼,114,0002100002,3
18号楼,116,0002100003,3
18号楼,117,0002100006,3
18号楼,119,0002100009,3
18号楼,121,0002370013,3
18号楼,122,0002100004,3
18号楼,123,0002370012,3
18号楼,124,0002100005,3
18号楼,125,0002370011,3
18号楼,126,0002370007,3
18号楼,127,0002370010,3
18号楼,128,0002370006,3
18号楼,129,0002370009,3
18号楼,130,0002370005,3
18号楼,131,0002370008,3
18号楼,132,0002370004,3
18号楼,134,0002370003,3
18号楼,136,0002370002,3
18号楼,138,0002370001,3
18号楼,201,0002330009,3
18号楼,202,0002330001,3
18号楼,203,0002330008,3
18号楼,204,0002330002,3
18号楼,205,0002330010,3
18号楼,206,0002330003,3
18号楼,207,0002330011,3
18号楼,208,0002330004,3
18号楼,209,0002330012,3
18号楼,210,0002330005,3
18号楼,211,0002330013,3
18号楼,212,0002330006,3
18号楼,214,0002330007,3
18号楼,215,0002270005,3
18号楼,216,0002270001,3
18号楼,217,0002270006,3
18号楼,219,0002270007,3
18号楼,221,0002270008,3
18号楼,222,0002270002,3
18号楼,223,0002270009,3
18号楼,224,0002270003,3
18号楼,225,0002270010,3
18号楼,226,0002270004,3
18号楼,227,0002420008,3
18号楼,228,0002420001,3
18号楼,229,0002420009,3
18号楼,230,0002420002,3
18号楼,231,0002420010,3
18号楼,232,0002420003,3
18号楼,233,0002420011,3
18号楼,234,0002420004,3
18号楼,235,0002420012,3
18号楼,236,0002420005,3
18号楼,237,0002420013,3
18号楼,238,0002420006,3
18号楼,240,0002420007,3
18号楼,301,0002320008,3
18号楼,302,0002320001,3
18号楼,303,0002320009,3
18号楼,304,0002320002,3
18号楼,305,0002320010,3
18号楼,306,0002320003,3
18号楼,307,0002320011,3
18号楼,308,0002320004,3
18号楼,309,0002320012,3
18号楼,310,0002320005,3
18号楼,311,0002320013,3
18号楼,312,0002320006,3
18号楼,314,0002320007,3
18号楼,315,0002290004,3
18号楼,317,0002290005,3
18号楼,319,0002290006,3
18号楼,321,0002290007,3
18号楼,322,0002290001,3
18号楼,323,0002290008,3
18号楼,324,0002290002,3
18号楼,325,0002290009,3
18号楼,326,0002290003,3
18号楼,327,0002340008,3
18号楼,328,0002340001,3
18号楼,329,0002340009,3
18号楼,330,0002340002,3
18号楼,331,0002340010,3
18号楼,332,0002340003,3
18号楼,333,0002340011,3
18号楼,334,0002340004,3
18号楼,335,0002340012,3
18号楼,336,0002340005,3
18号楼,337,0002340013,3
18号楼,338,0002340006,3
18号楼,340,0002340007,3
18号楼,401,0002390008,3
18号楼,402,0002390001,3
18号楼,403,0002390009,3
18号楼,404,0002390002,3
18号楼,405,0002390010,3
18号楼,406,0002390003,3
18号楼,407,0002390011,3
18号楼,408,0002390004,3
18号楼,409,0002390012,3
18号楼,410,0002390005,3
18号楼,411,0002390013,3
18号楼,412,0002390006,3
18号楼,414,0002390007,3
18号楼,415,0002310005,3
18号楼,416,0002310001,3
18号楼,417,0002310006,3
18号楼,419,0002310007,3
18号楼,421,0002310008,3
18号楼,422,0002310002,3
18号楼,423,0002310009,3
18号楼,424,0002310003,3
18号楼,425,0002310010,3
18号楼,426,0002310004,3
18号楼,427,0002350013,3
18号楼,428,0002350001,3
18号楼,429,0002350009,3
18号楼,430,0002350002,3
18号楼,431,0002350008,3
18号楼,432,0002350003,3
18号楼,433,0002350012,3
18号楼,434,0002350004,3
18号楼,435,0002350011,3
18号楼,436,0002350005,3
18号楼,437,0002350010,3
18号楼,438,0002350006,3
18号楼,440,0002350007,3
18号楼,501,0002400008,3
18号楼,502,0002400001,3
18号楼,503,0002400009,3
18号楼,504,0002400002,3
18号楼,505,0002400010,3
18号楼,506,0002400003,3
18号楼,507,0002400011,3
18号楼,508,0002400004,3
18号楼,509,0002400012,3
18号楼,510,0002400005,3
18号楼,511,0002400013,3
18号楼,512,0002400006,3
18号楼,514,0002400007,3
18号楼,515,0002300005,3
18号楼,516,0002300001,3
18号楼,517,0002300006,3
18号楼,519,0002300007,3
18号楼,521,0002300008,3
18号楼,522,0002300002,3
18号楼,523,0002300009,3
18号楼,524,0002300003,3
18号楼,525,0002300010,3
18号楼,526,0002300004,3
18号楼,527,0002360012,3
18号楼,528,0002360007,3
18号楼,529,0002360013,3
18号楼,530,0002360006,3
18号楼,531,0002360011,3
18号楼,532,0002360005,3
18号楼,533,0002360010,3
18号楼,534,0002360004,3
18号楼,535,0002360009,3
18号楼,536,0002360003,3
18号楼,537,0002360008,3
18号楼,538,0002360002,3
18号楼,540,0002360001,3
18号楼,601,0002380008,3
18号楼,602,0002380001,3
18号楼,603,0002380009,3
18号楼,604,0002380002,3
18号楼,605,0002380010,3
18号楼,606,0002380003,3
18号楼,607,0002380011,3
18号楼,608,0002380004,3
18号楼,609,0002380012,3
18号楼,610,0002380005,3
18号楼,611,0002380013,3
18号楼,612,0002380006,3
18号楼,614,0002380007,3
18号楼,615,0002280005,3
18号楼,616,0002280001,3
18号楼,617,0002280006,3
18号楼,619,0002280007,3
18号楼,621,0002280008,3
18号楼,622,0002280002,3
18号楼,623,0002280009,3
18号楼,624,0002280003,3
18号楼,625,0002280010,3
18号楼,626,0002280004,3
18号楼,627,0002410008,3
18号楼,628,0002410001,3
18号楼,629,0002410009,3
18号楼,630,0002410002,3
18号楼,631,0002410013,3
18号楼,632,0002410003,3
18号楼,633,0002410012,3
18号楼,634,0002410004,3
18号楼,635,0002410011,3
18号楼,636,0002410005,3
18号楼,637,0002410010,3
18号楼,638,0002410006,3
18号楼,640,0002410007,3
19号楼,101,19101,2
19号楼,102,19102,2
19号楼,103,19103,2
19号楼,104,19104,2
19号楼,105,19105,2
19号楼,106,19106,2
19号楼,108,19108,2
19号楼,110,19110,2
19号楼,112,19112,2
19号楼,113,19113,2
19号楼,115,19115,2
19号楼,116,19116,2
19号楼,117,19117,2
19号楼,119,19119,2
19号楼,120,19120,2
19号楼,122,19122,2
19号楼,124,19124,2
19号楼,126,19126,2
19号楼,201,19201,2
19号楼,202,19202,2
19号楼,203,19203,2
19号楼,204,19204,2
19号楼,205,19205,2
19号楼,206,19206,2
19号楼,207,19207,2
19号楼,208,19208,2
19号楼,209,19209,2
19号楼,210,19210,2
19号楼,211,19211,2
19号楼,212,19212,2
19号楼,213,19213,2
19号楼,214,19214,2
19号楼,215,19215,2
19号楼,216,19216,2
19号楼,217,19217,2
19号楼,218,19218,2
19号楼,219,19219,2
19号楼,220,19220,2
19号楼,221,19221,2
19号楼,222,19222,2
19号楼,223,19223,2
19号楼,224,19224,2
19号楼,226,19226,2
19号楼,301,19301,2
19号楼,302,19302,2
19号楼,303,19303,2
19号楼,304,19304,2
19号楼,305,19305,2
19号楼,306,19306,2
19号楼,307,19307,2
19号楼,308,19308,2
19号楼,309,19309,2
19号楼,310,19310,2
19号楼,311,19311,2
19号楼,312,19312,2
19号楼,313,19313,2
19号楼,314,19314,2
19号楼,315,19315,2
19号楼,316,19316,2
19号楼,317,19317,2
19号楼,318,19318,2
19号楼,319,19319,2
19号楼,320,19320,2
19号楼,321,19321,2
19号楼,322,19322,2
19号楼,323,19323,2
19号楼,324,19324,2
19号楼,325,19325,2
19号楼,326,19326,2
19号楼,401,19401,2
19号楼,402,19402,2
19号楼,403,19403,2
19号楼,404,19404,2
19号楼,405,19405,2
19号楼,406,19406,2
19号楼,407,19407,2
19号楼,408,19408,2
19号楼,409,19409,2
19号楼,410,19410,2
19号楼,411,19411,2
19号楼,412,19412,2
19号楼,413,19413,2
19号楼,414,19414,2
19号楼,415,19415,2
19号楼,416,19416,2
19号楼,417,19417,2
19号楼,418,19418,2
19号楼,419,19419,2
19号楼,420,19420,2
19号楼,421,19421,2
19号楼,422,19422,2
19号楼,423,19423,2
19号楼,424,19424,2
19号楼,425,19425,2
19号楼,426,19426,2
19号楼,501,19501,2
19号楼,502,19502,2
19号楼,503,19503,2
19号楼,504,19504,2
19号楼,505,19505,2
19号楼,506,19506,2
19号楼,507,19507,2
19号楼,508,19508,2
19号楼,509,19509,2
19号楼,510,19510,2
19号楼,511,19511,2
19号楼,512,19512,2
19号楼,513,19513,2
19号楼,514,19514,2
19号楼,515,19515,2
19号楼,516,19516,2
19号楼,517,19517,2
19号楼,518,19518,2
19号楼,519,19519,2
19号楼,520,19520,2
19号楼,521,19521,2
19号楼,522,19522,2
19号楼,523,19523,2
19号楼,524,19524,2
19号楼,525,19525,2
19号楼,526,19526,2
19号楼,601,19601,2
19号楼,602,19602,2
19号楼,603,19603,2
19号楼,604,19604,2
19号楼,605,19605,2
19号楼,606,19606,2
19号楼,607,19607,2
19号楼,608,19608,2
19号楼,609,19609,2
19号楼,610,19610,2
19号楼,611,19611,2
19号楼,612,19612,2
19号楼,613,19613,2
19号楼,614,19614,2
19号楼,615,19615,2
19号楼,616,19616,2
19号楼,617,19617,2
19号楼,618,19618,2
19号楼,619,19619,2
19号楼,620,19620,2
19号楼,621,19621,2
19号楼,622,19622,2
19号楼,623,19623,2
19号楼,624,19624,2
19号楼,625,19625,2
19号楼,626,19626,2
19号楼,627,19627,2
20号楼,101,20101,2
20号楼,102,20102,2
20号楼,103,20103,2
20号楼,104,20104,2
20号楼,105,20105,2
20号楼,106,20106,2
20号楼,107,20107,2
20号楼,108,20108,2
20号楼,109,20109,2
20号楼,110,20110,2
20号楼,112,20112,2
20号楼,113,20113,2
20号楼,114,20114,2
20号楼,115,20115,2
20号楼,116,20116,2
20号楼,117,20117,2
20号楼,118,20118,2
20号楼,119,20119,2
20号楼,120,20120,2
20号楼,121,20121,2
20号楼,122,20122,2
20号楼,124,20124,2
20号楼,201,20201,2
20号楼,202,20202,2
20号楼,203,20203,2
20号楼,204,20204,2
20号楼,205,20205,2
20号楼,206,20206,2
20号楼,207,20207,2
20号楼,208,20208,2
20号楼,209,20209,2
20号楼,210,20210,2
20号楼,211,20211,2
20号楼,212,20212,2
20号楼,213,20213,2
20号楼,214,20214,2
20号楼,215,20215,2
20号楼,216,20216,2
20号楼,217,20217,2
20号楼,218,20218,2
20号楼,219,20219,2
20号楼,220,20220,2
20号楼,221,20221,2
20号楼,222,20222,2
20号楼,223,20223,2
20号楼,224,20224,2
20号楼,226,20226,2
20号楼,228,20228,2
20号楼,301,20301,2
20号楼,302,20302,2
20号楼,303,20303,2
20号楼,304,20304,2
20号楼,305,20305,2
20号楼,306,20306,2
20号楼,307,20307,2
20号楼,308,20308,2
20号楼,309,20309,2
20号楼,310,20310,2
20号楼,311,20311,2
20号楼,312,20312,2
20号楼,313,20313,2
20号楼,314,20314,2
20号楼,315,20315,2
20号楼,316,20316,2
20号楼,317,20317,2
20号楼,318,20318,2
20号楼,319,20319,2
20号楼,320,20320,2
20号楼,321,20321,2
20号楼,322,20322,2
20号楼,323,20323,2
20号楼,324,20324,2
20号楼,326,20326,2
20号楼,328,20328,2
20号楼,401,20401,2
20号楼,402,20402,2
20号楼,403,20403,2
20号楼,404,20404,2
20号楼,405,20405,2
20号楼,406,20406,2
20号楼,407,20407,2
20号楼,408,20408,2
20号楼,409,20409,2
20号楼,410,20410,2
20号楼,411,20411,2
20号楼,412,20412,2
20号楼,413,20413,2
20号楼,414,20414,2
20号楼,415,20415,2
20号楼,416,20416,2
20号楼,417,20417,2
20号楼,418,20418,2
20号楼,419,20419,2
20号楼,420,20420,2
20号楼,421,20421,2
20号楼,422,20422,2
20号楼,423,20423,2
20号楼,424,20424,2
20号楼,426,20426,2
20号楼,428,20428,2
20号楼,501,20501,2
20号楼,502,20502,2
20号楼,503,20503,2
20号楼,504,20504,2
20号楼,505,20505,2
20号楼,506,20506,2
20号楼,507,20507,2
20号楼,508,20508,2
20号楼,509,20509,2
20号楼,510,20510,2
20号楼,511,20511,2
20号楼,512,20512,2
20号楼,513,20513,2
20号楼,514,20514,2
20号楼,515,20515,2
20号楼,516,20516,2
20号楼,517,20517,2
20号楼,518,20518,2
20号楼,519,20519,2
20号楼,520,20520,2
20号楼,521,20521,2
20号楼,522,20522,2
20号楼,523,20523,2
20号楼,524,20524,2
20号楼,526,20526,2
20号楼,528,20528,2
20号楼,601,20601,2
20号楼,602,20602,2
20号楼,603,20603,2
20号楼,604,20604,2
20号楼,605,20605,2
20号楼,606,20606,2
20号楼,607,20607,2
20号楼,608,20608,2
20号楼,609,20609,2
20号楼,610,20610,2
20号楼,611,20611,2
20号楼,612,20612,2
20号楼,613,20613,2
20号楼,614,20614,2
20号楼,615,20615,2
20号楼,616,20616,2
20号楼,617,20617,2
20号楼,618,20618,2
20号楼,619,20619,2
20号楼,620,20620,2
20号楼,621,20621,2
20号楼,622,20622,2
20号楼,623,20623,2
20号楼,624,20624,2
20号楼,626,20626,2
20号楼,628,20628,2